Rk,Player,Age,Team,Lg,PA,rOBA,Rbat+,BAbip,ISO,HR%,SO%,BB%,EV,HardH%,LD%,GB%,FB%,GB/FB,Pull%,Cent%,Oppo%,WPA,cWPA,RE24,RS%,SB%,XBT%,Pos,Awards,-9999
1,Jarren Duran*,28,BOS,AL,364,.325,102,.329,.149,1.4,23.6,5.8,92.1,47.0,25.8,42.9,24.2,0.76,29.0,53.2,17.9,-0.4,-0.1%,6.15,32.7,75.0,75.0,*7/89DH,,duranja01
2,Rafael Devers*,28,2TM,2LG,360,.385,150,.318,.227,4.4,23.1,16.4,93.8,54.9,23.4,41.6,29.9,0.71,26.6,53.3,20.1,1.0,0.6%,19.43,26.2,50.0,25.0,*D,,deverra01
2,Rafael Devers*,28,BOS,AL,334,.391,154,.322,.232,4.5,22.8,16.8,94.0,55.8,23.7,41.4,29.8,0.71,26.8,53.0,20.2,0.9,0.5%,18.51,26.9,50.0,23.5,*D,,deverra01
2,Rafael Devers*,28,SFG,NL,26,.312,101,.267,.174,3.8,26.9,11.5,91.7,43.8,18.8,43.8,31.3,0.78,25.0,56.3,18.8,0.1,0.0%,0.92,14.3,,50.0,/D,,deverra01
3,Shohei Ohtani*,30,LAD,NL,359,.425,178,.332,.333,7.2,25.6,13.4,95.3,62.0,20.8,43.5,32.9,0.77,42.6,48.6,8.8,3.7,2.7%,28.77,43.9,73.3,39.5,*D/1,,ohtansh01
4,Jackson Chourio,21,MIL,NL,351,.325,104,.292,.191,3.4,20.5,3.7,86.6,37.7,25.7,41.5,22.6,0.72,23.0,54.3,22.6,-0.4,-0.2%,-2.10,43.2,75.0,60.7,*879/D,,chourja01
5,Brent Rooker,30,ATH,AL,350,.366,135,.317,.208,4.3,21.1,10.0,91.8,47.3,25.9,38.9,28.9,0.64,29.7,54.4,15.9,0.5,0.0%,3.80,30.6,66.7,40.9,*D/97H,,rookebr01
6,Bo Bichette,27,TOR,AL,349,.337,113,.305,.166,3.2,15.8,5.4,91.3,49.6,26.7,47.3,21.6,0.90,18.3,57.5,24.2,1.5,1.0%,9.47,25.7,57.1,25.8,*6/DH,,bichebo01
7,Francisco Lindor#,31,NYM,NL,349,.361,132,.289,.201,4.6,17.8,8.0,90.3,45.0,21.9,42.6,27.1,0.75,34.0,52.4,13.6,1.8,1.5%,9.26,31.7,86.7,65.0,*6/DH,,lindofr01
8,Juan Soto*,26,NYM,NL,348,.395,158,.256,.233,4.9,15.8,18.4,94.1,56.4,21.9,47.4,25.9,0.91,36.8,48.7,14.5,1.5,1.0%,18.41,31.9,88.9,48.5,*9/D,,sotoju01
9,James Wood*,22,WSN,NL,348,.406,167,.337,.284,6.3,26.4,13.2,94.2,58.7,22.5,50.7,24.9,1.03,26.8,52.6,20.6,2.9,0.6%,26.80,25.5,69.2,33.3,*7D,,woodja03
10,Pete Alonso,30,NYM,NL,347,.395,163,.330,.263,5.2,22.8,10.7,94.3,54.8,27.1,36.2,29.4,0.57,29.9,48.4,21.7,2.9,2.0%,21.48,21.9,0.0,41.7,*3,,alonspe01
11,Aaron Judge,33,NYY,AL,346,.493,235,.448,.367,8.1,25.4,15.3,95.3,55.4,23.8,36.1,36.6,0.57,28.2,54.0,17.8,2.9,2.0%,41.90,29.9,66.7,26.1,*9D/H,,judgeaa01
12,Kyle Schwarber*,32,PHI,NL,345,.398,150,.272,.291,7.0,25.5,15.9,94.1,58.9,21.8,36.0,35.0,0.56,44.2,44.7,11.2,1.9,0.9%,18.41,30.8,85.7,31.3,*D/7,,schwaky01
13,Julio Rodríguez,24,SEA,AL,343,.331,118,.294,.159,3.2,20.1,6.4,90.6,43.7,18.7,49.6,24.8,0.98,22.8,62.2,15.0,-0.2,0.0%,0.63,38.1,80.0,50.0,*8/H,,rodriju01
14,Kyle Tucker*,28,CHC,NL,343,.403,160,.292,.240,4.4,14.3,14.9,91.1,45.2,27.0,29.0,36.1,0.41,38.6,45.6,15.8,2.6,1.8%,27.80,33.6,94.7,35.5,*9D/H,,tuckeky01
15,Austin Riley,28,ATL,NL,342,.336,110,.359,.161,3.5,28.1,6.4,92.5,50.7,27.6,33.0,31.7,0.49,28.1,56.6,15.4,-1.0,-0.4%,0.22,32.0,66.7,32.4,*5,,rileyau01
16,Trea Turner,32,PHI,NL,342,.364,122,.339,.150,2.6,15.8,7.0,89.1,39.8,25.0,43.8,26.9,0.78,27.3,54.6,18.1,1.2,1.0%,8.74,39.8,79.2,53.6,*6/H,,turnetr01
17,Elly De La Cruz#,23,CIN,NL,339,.377,128,.323,.242,5.3,25.7,10.0,91.5,48.1,17.1,53.7,24.5,1.17,32.9,49.5,17.6,1.3,0.5%,18.33,44.0,77.8,78.1,*6/DH,,delacel01
18,Geraldo Perdomo#,25,ARI,NL,339,.347,113,.267,.153,2.4,11.5,13.0,86.3,32.7,24.5,37.9,26.9,0.65,31.2,45.8,22.9,0.5,0.2%,10.17,29.5,91.7,52.9,*6/H,,perdoge01
19,Bobby Witt Jr.,25,KCR,AL,338,.366,131,.324,.204,3.0,18.0,7.7,93.6,50.4,29.4,35.1,27.8,0.54,22.2,54.0,23.8,1.4,0.7%,16.16,30.2,77.8,61.9,*6/D,,wittbo02
20,Lars Nootbaar*,27,STL,NL,337,.318,100,.271,.149,3.0,21.7,12.8,92.1,53.0,27.6,34.6,27.2,0.53,32.3,52.5,15.2,-0.3,-0.2%,-1.46,31.1,50.0,51.5,*79/8DH,,nootbla01
21,Matt Olson*,31,ATL,NL,337,.363,129,.289,.225,4.5,22.6,13.9,93.7,53.3,22.2,42.9,27.4,0.75,34.0,46.2,19.8,1.0,0.2%,12.34,28.3,,31.0,*3,,olsonma02
22,Jeremy Peña,27,HOU,AL,335,.385,144,.365,.168,3.3,16.1,5.7,87.6,41.3,24.5,48.2,21.3,0.95,33.6,49.0,17.4,1.4,1.1%,20.68,31.0,88.2,57.7,*6/DH,,penaje02
23,TJ Friedl*,29,CIN,NL,334,.370,126,.330,.143,2.4,15.6,11.4,83.7,30.4,25.0,40.4,20.0,0.75,44.6,44.6,10.8,1.0,0.5%,11.82,33.1,75.0,53.1,*8/DH,,friedtj01
24,Vladimir Guerrero Jr.,26,TOR,AL,334,.357,128,.303,.163,3.0,14.1,13.5,93.6,55.1,27.3,46.2,21.8,0.86,24.8,52.1,23.1,1.4,0.9%,17.72,28.8,50.0,35.7,*3/DH,,guerrvl02
25,Cal Raleigh#,28,SEA,AL,334,.439,200,.276,.387,9.6,24.9,13.5,92.0,49.5,21.8,25.7,40.1,0.35,48.0,38.6,13.4,3.4,2.4%,32.67,26.0,81.8,15.6,*2D/H,,raleica01
26,Fernando Tatis Jr.,26,SDP,NL,334,.380,136,.288,.199,4.5,17.7,11.1,93.8,53.0,19.7,50.4,24.8,1.02,21.8,61.5,16.7,1.9,1.3%,18.58,40.4,88.2,47.4,*9/D,,tatisfe02
27,Heliot Ramos,25,SFG,NL,332,.361,138,.341,.189,3.9,23.2,8.4,91.0,44.7,22.9,48.2,23.4,0.93,21.6,59.2,19.3,1.4,1.0%,10.74,32.7,55.6,50.0,*7/D,,ramoshe02
28,Willy Adames,29,SFG,NL,331,.288,85,.258,.139,2.7,26.0,10.9,88.7,42.9,17.4,36.7,34.8,0.58,27.1,54.1,18.8,0.3,0.2%,-5.26,37.5,60.0,44.4,*6/D,,adamewi01
29,Lawrence Butler*,24,ATH,AL,331,.340,114,.340,.191,3.3,28.1,8.2,91.4,46.0,27.0,44.1,24.6,0.79,28.0,50.7,21.3,-0.9,-0.5%,0.37,34.7,78.6,52.9,*9/8H,,butlela01
30,Manny Machado,32,SDP,NL,331,.377,137,.330,.199,3.9,16.3,9.4,92.5,50.8,26.8,39.8,24.0,0.66,24.4,54.9,20.7,1.2,0.9%,13.64,36.1,80.0,37.5,*5/D,,machama01
31,Tyler Soderstrom*,23,ATH,AL,331,.340,113,.300,.188,4.2,24.2,10.0,91.2,47.7,22.4,46.3,27.1,0.87,32.7,50.9,16.4,0.6,0.4%,3.34,27.8,100.0,37.9,37/HD,,soderty01
32,Ozzie Albies#,28,ATL,NL,330,.290,74,.257,.104,1.8,17.0,8.5,86.7,26.7,23.5,35.0,30.5,0.54,39.9,46.1,14.0,-2.2,-0.9%,-7.21,30.4,87.5,72.0,*4,,albieoz01
33,Nathaniel Lowe*,29,WSN,NL,329,.308,96,.281,.171,4.0,26.7,8.5,89.7,42.4,26.9,43.4,24.1,0.77,27.5,45.5,27.0,0.5,0.2%,5.52,23.5,100.0,13.8,*3/DH,,lowena01
34,Seiya Suzuki,30,CHC,NL,328,.364,140,.289,.279,6.1,26.8,7.9,92.5,50.5,30.4,28.5,34.1,0.40,33.2,51.9,15.0,-0.1,-0.1%,16.10,25.6,50.0,36.8,D97,,suzukse01
35,Randy Arozarena,30,SEA,AL,327,.354,131,.326,.164,2.4,27.5,11.6,91.3,49.5,22.6,41.9,26.3,0.72,31.2,54.8,14.0,0.4,0.1%,5.76,24.8,100.0,40.0,*7/D,,arozara01
36,Brice Turang*,25,MIL,NL,326,.335,111,.344,.091,1.5,22.1,10.7,89.7,45.2,28.0,46.3,22.9,0.89,20.6,56.0,23.4,-0.3,0.1%,7.40,41.3,72.7,57.1,*4/H,,turanbr02
37,Taylor Ward,31,LAA,AL,326,.322,104,.220,.254,5.8,26.4,8.9,90.6,43.3,18.1,33.8,38.6,0.51,22.9,53.8,23.3,-0.2,-0.2%,1.41,33.3,50.0,34.5,*7/D,,wardta01
38,Marcell Ozuna,34,ATL,NL,325,.362,128,.301,.163,3.4,22.8,16.9,91.3,49.7,22.7,41.8,29.9,0.72,26.3,55.2,18.6,0.3,0.1%,3.98,19.6,,41.7,*D,,ozunama01
39,Ian Happ#,30,CHC,NL,324,.337,118,.290,.167,3.4,22.5,12.0,88.9,40.5,28.0,33.6,28.9,0.51,34.1,46.4,19.4,0.2,0.2%,8.04,38.8,80.0,38.5,*7/D,,happia01
40,Vinnie Pasquantino*,27,KCR,AL,324,.327,106,.291,.142,3.4,16.0,7.1,91.2,44.7,21.6,40.4,29.4,0.68,37.1,47.3,15.5,0.5,0.3%,2.35,21.1,100.0,20.7,*3D,,pasquvi01
41,Corbin Carroll*,24,ARI,NL,323,.390,148,.285,.318,6.2,24.8,9.3,92.7,50.5,19.4,37.9,33.5,0.61,36.9,48.1,15.0,1.1,0.5%,12.17,41.1,71.4,69.6,*9/H,,carroco02
42,Pete Crow-Armstrong*,23,CHC,NL,322,.388,148,.300,.293,6.5,24.2,4.3,88.0,43.6,21.1,25.6,38.8,0.36,41.4,42.3,16.3,2.2,1.8%,18.50,47.4,85.2,64.0,*8,,crowape01
43,Riley Greene*,24,DET,AL,322,.377,147,.381,.240,5.3,30.7,7.5,90.8,47.5,25.8,41.4,29.3,0.71,33.8,43.9,22.2,0.7,0.6%,16.24,26.6,50.0,66.7,*78D/H9,,greenri03
44,Bryan Reynolds#,30,PIT,NL,322,.298,82,.291,.139,2.5,26.1,9.0,91.4,47.6,26.6,46.4,26.6,0.86,35.3,47.8,16.9,-2.1,-0.5%,-9.72,20.2,60.0,42.3,*9D,,reynobr01
45,Dansby Swanson,31,CHC,NL,322,.317,103,.284,.184,4.3,27.0,7.1,89.6,45.8,20.8,42.5,27.8,0.75,27.8,56.6,15.6,-1.1,-0.8%,-8.08,36.7,77.8,38.5,*6,,swansda01
46,Isaac Paredes,26,HOU,AL,321,.365,137,.265,.220,5.0,17.1,12.8,87.4,34.7,26.4,32.7,32.7,0.49,44.1,45.0,10.9,0.7,0.5%,13.64,24.0,0.0,40.5,*5/DH,,paredis01
47,Yandy Díaz,33,TBR,AL,320,.341,118,.295,.180,3.8,13.8,6.3,93.7,55.6,22.9,54.2,19.4,1.18,15.0,58.9,26.1,0.4,0.2%,3.86,24.5,100.0,41.7,*D/3,,diazya01
48,Nolan Schanuel*,23,LAA,AL,320,.346,120,.307,.126,1.9,12.8,10.6,86.9,28.3,28.3,40.4,24.6,0.70,32.9,50.8,16.3,1.9,0.9%,11.81,30.0,75.0,32.4,*3,,schanno01
49,Jose Altuve,35,HOU,AL,319,.322,107,.287,.159,3.8,16.0,7.8,83.7,29.5,16.9,45.9,24.4,0.87,39.7,48.3,12.0,-0.6,-0.3%,-7.41,26.1,54.5,41.4,74D,,altuvjo01
50,J.P. Crawford*,30,SEA,AL,319,.358,140,.343,.106,1.9,17.6,15.7,86.0,32.9,29.7,38.2,25.9,0.63,25.5,49.1,25.5,1.3,1.0%,14.64,23.1,83.3,26.7,*6/H,,crawfjp01
51,Eugenio Suárez,33,ARI,NL,319,.386,145,.256,.318,7.8,25.7,6.6,91.1,51.2,21.5,29.8,39.5,0.42,34.1,53.7,12.2,2.6,1.3%,18.69,29.5,100.0,40.7,*5/HD,,suareeu01
52,Nick Castellanos,33,PHI,NL,318,.339,108,.329,.160,2.5,18.6,5.3,89.0,39.5,30.1,36.8,29.7,0.58,27.6,55.6,16.7,-1.4,-1.0%,-1.49,29.2,100.0,39.3,*9/D,,casteni01
53,William Contreras,27,MIL,NL,318,.334,110,.294,.109,1.9,19.5,15.4,89.1,41.3,22.7,54.6,19.3,1.20,24.2,55.6,20.3,0.8,0.5%,6.15,29.6,100.0,50.0,*2/D7,,contrwi02
54,Willson Contreras,33,STL,NL,318,.334,108,.306,.173,3.1,24.2,7.9,89.7,47.0,30.4,43.6,23.0,0.78,24.5,57.8,17.6,0.5,0.1%,9.88,29.2,100.0,56.7,*3D,,contrwi01
55,Mookie Betts,32,LAD,NL,317,.332,108,.257,.136,2.8,9.8,11.0,88.1,34.8,26.4,32.8,33.6,0.49,27.2,55.2,17.6,0.3,0.1%,5.23,41.8,100.0,57.1,*6/H,,bettsmo01
56,Jung Hoo Lee*,26,SFG,NL,317,.322,106,.266,.157,1.9,11.0,8.2,87.5,31.6,25.6,42.5,27.2,0.75,37.8,45.7,16.5,0.2,0.1%,9.61,40.4,85.7,61.5,*8/HD,,leeju01
57,Josh Naylor*,28,ARI,NL,317,.367,129,.325,.164,2.8,12.9,7.9,89.8,43.8,25.3,46.2,24.9,0.86,39.0,49.0,12.0,1.5,0.5%,17.05,30.8,83.3,19.2,*3D/H,,naylojo01
58,Christian Yelich*,33,MIL,NL,316,.357,126,.324,.196,4.7,26.9,9.8,91.6,50.0,21.3,58.9,16.2,1.43,30.5,53.3,16.2,0.3,0.2%,14.71,25.8,80.0,54.8,*D/7H,,yelicch01
59,Luis Arráez*,28,SDP,NL,315,.308,89,.274,.112,1.0,1.9,4.1,84.2,16.7,28.1,40.7,24.4,0.71,24.4,49.2,26.4,-0.1,0.0%,-1.47,35.5,75.0,44.8,*3D/H,,arraelu01
60,Alec Bohm,28,PHI,NL,314,.326,98,.325,.116,2.2,15.6,4.8,90.7,48.6,27.1,50.2,19.8,1.01,18.6,56.7,24.7,0.0,0.1%,-4.76,26.0,100.0,25.8,*53,,bohmal01
61,Steven Kwan*,27,CLE,AL,314,.360,127,.323,.124,1.9,8.9,8.0,85.4,22.9,28.7,40.7,25.6,0.72,25.6,57.4,17.1,0.6,0.5%,6.61,26.6,90.9,27.8,*7/D,,kwanst01
62,Marcus Semien,34,TEX,AL,314,.293,88,.251,.113,2.2,18.5,10.2,88.3,36.2,23.0,34.7,31.5,0.53,29.3,59.0,11.7,-0.3,-0.3%,-4.16,25.0,85.7,53.1,*4,,semiema01
63,Miguel Vargas,25,CHW,AL,314,.328,107,.261,.193,3.2,16.9,9.2,90.0,42.1,24.6,26.8,36.8,0.37,28.9,53.9,17.1,0.1,-0.4%,5.62,32.2,100.0,55.6,*53/DH,,vargami01
64,Christian Walker,34,HOU,AL,314,.291,81,.272,.147,3.2,27.4,7.0,90.7,46.3,24.9,37.8,28.4,0.61,31.8,53.7,14.4,-0.3,-0.3%,-3.25,27.8,,42.9,*3,,walkech02
65,Jacob Wilson,23,ATH,AL,314,.389,151,.352,.144,2.9,6.4,5.4,85.4,27.2,24.8,53.3,16.8,1.17,25.5,53.3,21.2,2.2,1.1%,18.27,27.4,83.3,37.5,*6,,wilsoja05
66,Michael Harris II*,24,ATL,NL,313,.256,49,.257,.112,1.9,20.1,3.2,88.2,39.5,21.8,51.9,19.2,1.12,32.6,55.6,11.7,0.0,0.0%,-15.05,15.7,78.6,33.3,*8/H,,harrimi04
67,José Ramírez#,32,CLE,AL,313,.393,150,.326,.204,4.2,10.9,8.6,89.2,39.8,25.3,31.7,30.5,0.46,40.6,47.0,12.4,2.0,1.2%,21.11,28.0,80.0,60.0,*5D,,ramirjo01
68,Trevor Story,32,BOS,AL,312,.294,76,.309,.136,3.5,30.4,4.5,90.0,46.7,19.5,45.0,26.5,0.83,23.5,58.5,18.0,-0.7,-0.5%,-4.16,32.0,100.0,63.6,*6/HD,,storytr01
69,Spencer Torkelson,25,DET,AL,312,.340,119,.244,.246,5.1,24.4,12.2,90.0,42.7,21.9,30.7,37.0,0.44,33.9,47.9,18.2,0.9,0.8%,9.78,31.0,100.0,53.6,*3/DH,,torkesp01
70,Xander Bogaerts,32,SDP,NL,311,.306,82,.288,.099,1.3,16.7,10.3,90.0,38.6,29.6,42.0,20.8,0.73,27.9,52.7,19.5,0.0,0.1%,-3.89,29.9,92.9,41.2,*6/DH,,bogaexa01
71,Maikel Garcia,25,KCR,AL,311,.371,139,.343,.176,2.6,13.8,8.7,90.1,44.6,26.7,42.9,20.8,0.78,23.3,58.8,17.9,0.4,0.2%,4.03,24.3,68.0,66.7,*54/68DH9,,garcima01
72,Anthony Volpe,24,NYY,AL,311,.310,98,.286,.185,2.9,25.1,9.0,89.1,43.1,21.8,45.5,26.2,0.84,21.8,53.0,25.2,-1.1,-0.9%,-2.57,27.9,53.3,38.9,*6/H,,volpean01
73,Brendan Donovan*,28,STL,NL,310,.357,126,.345,.130,1.6,13.2,8.1,89.7,42.0,31.9,43.7,18.1,0.78,30.3,52.1,17.6,-0.3,-0.1%,7.47,33.3,75.0,43.2,*47/6DH,,donovbr01
74,Ryan McMahon*,30,COL,NL,309,.324,93,.294,.188,3.9,30.7,13.3,92.4,51.7,24.4,37.8,31.4,0.64,34.3,52.9,12.8,-1.1,-0.3%,-6.69,22.5,50.0,41.2,*5/DH,,mcmahry01
75,Sal Frelick*,25,MIL,NL,308,.337,109,.330,.098,1.3,13.0,6.8,84.3,28.9,23.8,45.0,18.8,0.86,34.2,52.1,13.8,0.1,0.0%,9.18,31.4,87.5,42.9,*98/35H,,frelisa01
76,Paul Goldschmidt,37,NYY,AL,308,.354,124,.341,.146,2.6,18.2,7.8,89.9,41.7,28.4,40.4,26.2,0.68,28.4,52.4,19.1,0.2,0.1%,8.86,40.0,100.0,38.2,*3/HD8,,goldspa01
77,Brandon Nimmo*,32,NYM,NL,308,.345,122,.269,.211,4.9,18.8,8.1,91.6,49.8,22.4,44.8,24.7,0.81,28.3,51.1,20.6,-1.9,-1.3%,0.37,26.5,85.7,36.8,*7/8DH,,nimmobr01
78,Salvador Perez,35,KCR,AL,308,.292,81,.273,.159,2.9,21.1,4.5,90.5,45.3,27.6,33.8,31.1,0.51,36.2,49.6,14.3,-1.5,-1.0%,-6.39,13.2,,23.3,23D,,perezsa02
79,Nolan Arenado,34,STL,NL,307,.322,100,.251,.154,3.3,10.4,7.5,87.4,35.4,21.3,35.3,31.7,0.55,33.3,52.2,14.5,0.8,0.4%,-0.86,31.4,100.0,42.9,*5/DH,,arenano01
80,Junior Caminero,21,TBR,AL,306,.370,139,.264,.258,6.2,18.0,6.2,91.5,48.9,21.2,47.2,24.2,0.89,29.9,53.7,16.5,0.1,0.2%,10.03,35.5,83.3,39.3,*5/DH3,,caminju01
81,Lourdes Gurriel Jr.,31,ARI,NL,306,.326,100,.268,.164,3.3,14.4,5.9,88.6,39.2,28.2,36.1,27.0,0.56,27.4,54.4,18.3,-0.3,-0.1%,0.65,18.1,85.7,9.1,*7/H,,gurrilo01
82,Nico Hoerner,28,CHC,NL,306,.319,102,.309,.067,0.0,7.2,4.9,87.3,28.1,24.2,46.8,23.0,0.88,26.8,52.8,20.4,0.5,0.3%,6.67,40.6,82.4,50.0,*4/6,,hoernni01
83,Ty France,30,MIN,AL,305,.326,103,.300,.115,2.0,15.1,4.3,89.5,43.1,26.2,46.4,25.3,0.86,21.5,58.4,20.2,0.9,0.4%,4.64,29.8,100.0,41.2,*3/H,,francty01
84,Oneil Cruz*,26,PIT,NL,304,.342,102,.283,.199,4.3,33.2,13.8,96.5,59.2,24.7,46.2,24.1,0.86,32.9,54.4,12.7,0.7,0.4%,3.18,32.6,89.7,48.1,*8/HD,,cruzon01
85,Brandon Lowe*,30,TBR,AL,303,.342,120,.304,.196,5.0,24.1,6.6,92.1,46.6,25.8,41.1,26.8,0.70,39.7,46.4,13.9,0.7,0.4%,7.69,38.8,66.7,20.0,*4/HD,,lowebr01
86,Andy Pages,24,LAD,NL,303,.360,132,.310,.221,5.3,18.5,4.3,89.4,39.5,29.7,35.4,31.9,0.55,28.8,54.1,17.0,0.6,0.5%,11.85,27.4,66.7,65.4,*897,,pagesan01
87,Hunter Goodman,25,COL,NL,302,.365,124,.351,.230,4.6,26.8,5.3,92.4,52.8,22.8,36.6,31.2,0.58,36.6,49.5,13.9,1.1,0.0%,12.50,28.2,33.3,61.5,2D/H,,goodmhu01
88,Jonathan India,28,KCR,AL,302,.285,79,.268,.093,1.3,14.2,9.3,88.7,37.7,25.0,37.3,28.9,0.59,32.0,53.1,14.9,-1.5,-0.8%,-9.83,27.5,0.0,48.1,475D/H,,indiajo01
89,Trevor Larnach*,28,MIN,AL,302,.342,117,.301,.170,3.6,21.9,8.3,91.0,45.9,26.6,44.4,24.2,0.80,35.3,49.3,15.5,0.4,0.1%,5.97,33.3,50.0,51.7,D97/H,,larnatr01
90,Cody Bellinger*,29,NYY,AL,301,.334,110,.275,.187,3.3,15.0,9.0,89.3,42.0,23.7,33.3,35.5,0.50,36.0,44.3,19.7,-0.4,-0.3%,5.21,30.7,77.8,25.0,*789/3H,,bellico01
91,Gunnar Henderson*,24,BAL,AL,301,.350,127,.356,.156,2.7,24.6,9.6,92.7,51.3,25.5,48.5,19.4,0.94,27.6,54.1,18.4,0.8,0.1%,6.63,31.6,81.8,56.3,*6/DH,,hendegu01
92,Wilmer Flores,33,SFG,NL,296,.333,116,.277,.150,3.7,18.2,8.1,84.8,24.4,26.3,37.1,25.8,0.59,25.4,54.0,20.7,1.2,0.6%,12.52,23.5,100.0,27.3,*D/3H,,florewi01
93,Jackson Holliday*,21,BAL,AL,294,.328,116,.325,.156,3.1,23.5,5.1,90.3,45.6,24.8,47.1,24.8,0.90,25.7,55.8,18.4,-0.3,-0.1%,2.20,27.7,57.1,47.1,*4/6DH,,hollija01
94,CJ Abrams*,24,WSN,NL,293,.386,145,.315,.203,3.8,17.4,6.8,89.4,42.0,26.4,39.6,25.0,0.66,36.8,48.6,14.6,0.6,0.3%,9.52,44.1,88.9,74.2,*6/H,,abramcj01
95,Bryson Stott*,27,PHI,NL,291,.300,78,.282,.103,1.7,17.9,8.9,86.6,28.8,24.5,36.3,32.1,0.58,21.7,57.1,21.2,0.1,-0.1%,1.09,31.8,80.0,24.0,*4/H,,stottbr01
96,Ke'Bryan Hayes,28,PIT,NL,289,.261,52,.290,.052,0.7,20.4,5.5,89.5,44.9,22.4,49.0,18.1,0.98,18.6,55.2,26.2,-2.0,-0.5%,-17.22,25.0,81.8,47.8,*5/H,,hayeske01
97,Carlos Santana#,39,CLE,AL,289,.313,94,.263,.120,2.8,17.6,11.4,88.9,44.1,21.8,43.6,21.8,0.77,43.6,45.5,10.9,0.0,0.0%,1.88,29.9,100.0,27.3,*3D/H,,santaca01
98,Adolis García,32,TEX,AL,288,.304,96,.278,.168,3.1,24.7,6.3,93.6,51.0,20.4,32.1,37.8,0.47,21.9,55.6,22.4,-0.6,-0.4%,-4.02,23.3,77.8,38.9,*9/DH,,garciad02
99,Rhys Hoskins,32,MIL,NL,288,.342,118,.304,.191,4.2,27.1,11.5,90.4,45.1,24.9,28.9,35.3,0.41,39.9,50.3,9.8,0.6,0.3%,2.98,18.6,66.7,27.3,*3/HD,,hoskirh01
100,Eric Wagaman,27,MIA,NL,288,.304,84,.297,.124,1.7,18.8,5.9,90.8,45.6,26.3,43.8,23.5,0.78,26.3,55.8,18.0,-2.1,-0.9%,-9.39,30.0,66.7,35.0,*37/DH59,,wagamer01
101,Max Muncy*,34,LAD,NL,287,.362,130,.280,.199,3.8,22.3,16.7,91.2,51.2,23.3,33.1,39.5,0.50,42.4,49.4,8.1,1.1,0.9%,16.97,20.8,100.0,39.1,*5/H,,muncyma01
102,Wyatt Langford,23,TEX,AL,286,.334,117,.276,.194,4.5,25.5,9.8,91.2,48.1,21.9,38.8,30.6,0.63,30.6,49.2,20.2,0.4,0.3%,3.10,24.7,78.6,47.6,*78,,langfwy01
103,Spencer Steer,27,CIN,NL,286,.292,69,.299,.121,2.1,25.2,7.0,86.8,32.3,29.5,36.8,22.8,0.59,30.6,54.9,14.5,-0.8,-0.5%,-5.12,31.2,85.7,42.3,3D/7H9,,steersp01
104,Gleyber Torres,28,DET,AL,285,.362,134,.296,.139,2.5,12.3,14.0,90.5,38.0,24.8,37.4,33.0,0.60,22.8,55.8,21.4,0.9,0.4%,15.40,28.2,80.0,46.7,*4/DH,,torregl01
105,Masyn Winn,23,STL,NL,284,.303,91,.293,.122,2.1,18.3,8.5,87.0,34.6,26.8,34.1,25.9,0.53,28.3,48.8,22.9,-1.0,-0.6%,-2.08,48.2,44.4,60.6,*6/H,,winnma01
106,Freddie Freeman*,35,LAD,NL,283,.391,156,.382,.201,3.2,20.1,9.9,91.3,45.1,28.2,40.0,29.2,0.67,35.4,45.1,19.5,1.7,1.2%,22.35,30.4,0.0,52.4,*3/H,,freemfr01
107,Jonathan Aranda*,27,TBR,AL,282,.390,158,.415,.160,2.8,23.4,10.6,92.8,55.1,29.6,40.2,24.0,0.67,36.3,45.8,17.9,1.2,0.7%,19.43,28.7,0.0,28.1,*3/HD,,arandjo01
108,Andrew McCutchen,38,PIT,NL,281,.333,106,.306,.150,2.8,20.6,10.3,89.2,45.0,19.9,45.5,24.6,0.84,34.6,54.5,11.0,-1.0,-0.3%,-3.05,18.4,100.0,16.7,*D/9H7,,mccutan01
109,Luis Robert Jr.,27,CHW,AL,281,.278,65,.250,.118,2.5,31.3,10.3,89.6,42.4,20.6,38.8,26.3,0.64,32.5,48.1,19.4,-1.1,-0.2%,-11.15,27.9,78.6,38.9,*8/DH,,roberlu01
110,George Springer,35,TOR,AL,280,.352,119,.291,.202,3.6,22.1,12.9,90.7,46.6,24.6,36.0,31.4,0.56,28.0,54.9,17.1,1.0,0.6%,3.05,31.4,100.0,33.3,9D8/H7,,springe01
111,Gavin Sheets*,29,SDP,NL,278,.343,114,.297,.194,4.3,20.9,7.6,92.1,53.6,30.5,34.5,24.4,0.53,35.5,46.7,17.8,0.7,0.5%,3.89,23.1,100.0,39.1,D73H,,sheetga01
112,Matt McLain,25,CIN,NL,277,.310,77,.266,.141,3.2,28.5,10.5,88.7,43.8,24.4,36.0,29.9,0.57,18.3,61.6,20.1,-2.1,-1.1%,-8.83,36.0,100.0,53.8,*4/H6D,,mclaima01
113,Yainer Diaz,26,HOU,AL,276,.289,81,.261,.144,3.3,18.8,3.6,90.8,43.1,27.8,41.0,25.0,0.70,25.0,57.5,17.5,-1.3,-0.8%,-10.30,30.8,0.0,50.0,*2D/H,,diazya02
114,Jake Meyers,29,HOU,AL,276,.348,121,.372,.097,1.1,17.4,8.3,88.1,39.4,27.5,47.5,20.6,0.92,22.1,61.3,16.7,0.8,0.7%,-1.21,33.7,72.2,41.7,*8/H,,meyerja02
115,Ceddanne Rafaela,24,BOS,AL,276,.322,96,.302,.161,2.9,21.0,5.1,89.6,45.0,20.5,44.5,28.0,0.82,23.5,58.5,18.0,0.6,0.4%,2.55,44.0,91.7,64.0,*8/H4,,rafaece01
116,Adley Rutschman#,27,BAL,AL,276,.305,97,.247,.145,2.9,16.3,11.6,89.9,39.4,23.7,40.4,29.3,0.68,34.8,46.0,19.2,-0.7,-0.2%,-7.04,28.8,,30.3,*2D/H,,rutscad01
117,Brenton Doyle,27,COL,NL,275,.265,45,.249,.115,1.8,25.1,7.3,90.6,47.0,22.0,43.0,29.6,0.76,31.2,52.7,16.1,-1.5,0.0%,-14.27,32.3,100.0,31.6,*8/HD,,doylebr02
118,Xavier Edwards#,25,MIA,NL,275,.320,94,.343,.037,0.0,14.5,10.2,84.6,31.4,26.7,42.2,22.8,0.80,17.5,51.9,30.6,0.2,0.1%,1.40,28.3,70.0,50.0,64/DH,,edwarxa01
119,Kyle Stowers*,27,MIA,NL,275,.350,116,.350,.197,4.0,28.4,9.1,90.5,51.5,24.9,41.4,27.8,0.71,36.7,44.4,18.9,-0.1,0.3%,1.91,25.3,75.0,34.8,*798/HD,,stoweky01
120,Luis García Jr.*,25,WSN,NL,274,.328,111,.291,.159,2.6,13.5,5.5,90.6,47.9,25.0,45.0,25.5,0.82,36.8,51.4,11.8,0.8,0.2%,5.62,36.7,63.6,41.7,*4/HD,,garcilu04
121,Mike Yastrzemski*,34,SFG,NL,274,.342,122,.310,.139,2.2,21.2,12.8,88.8,41.0,25.0,34.4,30.6,0.55,32.8,51.1,16.1,0.6,0.5%,2.88,27.8,71.4,33.3,*9/H,,yastrmi01
122,Matt Chapman,32,SFG,NL,272,.359,133,.288,.209,4.4,23.9,14.7,94.0,52.1,18.2,35.8,31.5,0.56,30.9,53.3,15.8,0.4,0.3%,7.05,26.7,77.8,65.0,*5,,chapmma01
123,Michael Busch*,27,CHC,NL,271,.380,148,.319,.233,4.4,22.5,11.1,90.7,46.3,21.7,38.3,36.6,0.63,36.6,48.6,14.9,0.5,0.4%,14.00,23.0,100.0,34.6,*3H/D,,buschmi02
124,Joey Ortiz,26,MIL,NL,270,.248,49,.254,.057,0.7,17.0,6.3,84.4,34.5,23.5,41.2,20.1,0.74,22.1,48.5,29.4,-1.3,-0.9%,-14.73,38.6,72.7,44.4,*6/H,,ortizjo06
125,Josh Jung,27,TEX,AL,268,.292,88,.294,.131,2.6,23.9,5.6,87.6,42.7,28.3,41.7,23.0,0.72,26.7,52.4,20.9,-0.9,-0.5%,-1.59,24.3,80.0,43.8,*5/DH,,jungjo01
126,Jordan Beck,24,COL,NL,267,.354,114,.338,.213,3.7,28.1,7.1,87.9,40.8,25.9,37.1,30.0,0.59,35.9,47.6,16.5,-0.3,0.0%,3.20,34.2,69.2,52.2,*7/HD,,beckjo01
127,Kerry Carpenter*,27,DET,AL,267,.315,102,.269,.206,4.9,21.7,2.6,91.0,45.6,20.5,33.8,32.8,0.51,36.9,49.2,13.8,-0.3,-0.1%,1.19,40.0,50.0,43.5,9D7H,,carpeke01
128,Zach McKinstry*,30,DET,AL,266,.346,120,.349,.155,1.5,23.3,10.9,85.9,32.2,33.9,40.8,19.0,0.70,36.2,48.9,14.9,0.2,0.1%,0.40,36.0,88.9,73.9,597/6H4D,,mckinza01
129,Jorge Soler,33,LAA,AL,265,.288,78,.270,.143,3.0,29.8,8.3,90.0,41.3,25.0,45.0,20.6,0.82,37.5,51.9,10.6,0.2,0.1%,-4.78,25.8,,25.0,D9/H,,solerjo01
130,Gabriel Arias,25,CLE,AL,264,.282,76,.325,.130,1.9,31.1,6.4,89.3,41.9,20.0,51.3,23.8,1.08,31.3,53.8,15.0,-0.6,-0.3%,-4.82,30.6,50.0,63.2,64/5H,,ariasga01
131,Max Kepler*,32,PHI,NL,264,.305,84,.235,.177,3.4,20.5,10.6,91.3,48.3,20.1,37.4,35.2,0.60,37.4,46.4,16.2,0.0,-0.2%,-8.71,32.4,,40.0,*79H/8,,keplema01
132,Gavin Lux*,27,CIN,NL,264,.335,101,.343,.121,1.5,23.5,12.1,88.8,38.2,25.9,44.7,27.1,0.81,34.7,50.0,15.3,0.1,0.0%,5.54,22.5,100.0,42.1,7D/45H,,luxga01
133,Victor Scott II*,24,STL,NL,264,.317,84,.335,.084,1.1,26.9,8.7,80.8,26.7,26.5,36.4,22.8,0.68,29.6,53.1,17.3,0.2,0.0%,4.53,37.3,95.7,52.4,*8/97,,scottvi01
134,Kristian Campbell,23,BOS,AL,263,.302,88,.296,.122,2.3,27.4,11.0,88.6,42.3,23.4,54.4,19.0,1.19,18.5,54.8,26.8,-0.7,-0.5%,-4.11,23.1,66.7,44.0,*4/8H7D,,campbkr01
135,Josh Bell#,32,WSN,NL,262,.286,81,.205,.155,3.8,18.3,9.5,90.0,45.1,18.3,50.0,24.7,1.00,34.4,48.4,17.2,-1.9,-0.8%,-12.83,20.3,0.0,25.0,*D/3H,,belljo02
136,Byron Buxton,31,MIN,AL,262,.400,150,.324,.284,6.5,27.1,8.8,91.9,54.5,21.8,39.4,29.7,0.65,37.0,47.3,15.8,1.8,1.0%,19.98,39.2,100.0,76.0,*8/D,,buxtoby01
137,Carlos Correa,30,MIN,AL,262,.303,87,.307,.131,2.3,19.5,6.1,89.7,43.5,25.1,47.7,21.0,0.91,25.1,59.0,15.9,-1.3,-0.7%,-9.29,31.1,,30.0,*6/H,,correca01
138,J.T. Realmuto,34,PHI,NL,262,.309,86,.318,.118,1.9,24.0,8.4,90.1,44.6,24.0,49.1,21.7,0.97,29.7,52.6,17.7,-0.4,-0.2%,-2.25,30.8,80.0,39.4,*2/D,,realmjt01
139,Ernie Clement,29,TOR,AL,261,.329,109,.333,.115,1.5,11.1,4.2,86.5,27.3,31.4,33.2,24.1,0.51,30.0,48.6,21.4,-0.9,-0.7%,-4.58,33.7,40.0,54.5,54/6H3,,clemeer01
140,Trent Grisham*,28,NYY,AL,260,.377,144,.267,.231,5.8,23.1,13.1,90.1,43.0,21.2,34.5,33.9,0.53,37.0,53.3,9.7,1.7,1.2%,14.72,29.3,0.0,31.3,*8/H,,grishtr01
141,Luis Rengifo#,28,LAA,AL,260,.247,54,.251,.079,1.5,17.3,5.4,86.5,32.7,24.0,54.5,16.0,1.24,28.5,54.5,17.0,-1.4,-0.6%,-11.96,25.0,28.6,41.2,54/H9D,,rengilu01
142,Teoscar Hernández,32,LAD,NL,259,.348,119,.296,.235,5.4,23.9,4.6,89.3,42.6,25.1,42.1,28.4,0.73,25.1,53.0,21.9,1.3,0.9%,10.93,41.3,100.0,42.3,*9/H,,hernate01
143,Keibert Ruiz#,26,WSN,NL,259,.274,74,.266,.073,0.8,9.3,3.1,86.1,30.9,23.2,49.1,20.1,0.96,37.5,50.0,12.5,-0.8,-0.1%,-4.00,24.3,0.0,14.3,*2/H,,ruizke01
144,Zach Neto,24,LAA,AL,258,.356,126,.337,.220,4.7,26.0,4.3,90.9,48.6,25.7,38.9,26.9,0.65,31.4,50.3,18.3,0.8,0.3%,8.25,47.9,72.2,43.5,*6/H,,netoza01
145,Josh Smith*,27,TEX,AL,258,.352,133,.326,.147,2.7,17.4,8.9,87.6,35.1,25.9,39.2,23.3,0.66,27.0,54.0,19.0,-0.1,-0.1%,3.58,32.5,72.7,50.0,635/DH4789,,smithjo11
146,Ryan O'Hearn*,31,BAL,AL,256,.377,149,.335,.175,3.9,16.4,10.2,90.9,49.2,25.7,46.4,23.5,0.87,35.5,49.7,14.8,2.0,0.6%,14.22,21.3,75.0,26.7,D39/H7,,ohearry01
147,Michael Conforto*,32,LAD,NL,253,.268,64,.212,.104,1.6,24.9,13.0,90.7,45.9,21.3,42.0,31.3,0.72,34.7,45.3,20.0,-0.9,-0.7%,-15.18,32.4,100.0,34.8,*7/H,,confomi01
148,Bryce Harper*,32,PHI,NL,253,.368,124,.289,.188,3.6,18.6,13.8,91.3,50.3,31.5,34.5,31.5,0.53,28.6,48.2,23.2,1.8,1.2%,12.20,27.4,100.0,50.0,*3/D,,harpebr03
149,Ben Rice*,26,NYY,AL,253,.346,122,.261,.246,5.1,21.7,8.3,93.3,54.7,22.9,45.9,27.1,0.85,41.8,46.5,11.8,-0.4,-0.4%,-1.29,32.4,60.0,22.6,D3/2H,,ricebe01
150,Cedric Mullins*,30,BAL,AL,252,.326,110,.252,.211,4.8,25.8,10.3,86.9,37.1,23.9,25.2,33.3,0.35,37.1,47.2,15.7,0.9,0.4%,6.28,29.2,80.0,45.5,*8/D,,mullice01
151,Alejandro Kirk,26,TOR,AL,251,.341,115,.317,.125,2.8,10.4,6.0,92.6,56.7,25.4,45.5,23.4,0.83,22.5,53.6,23.9,1.0,0.6%,0.01,15.0,,4.0,*2/DH,,kirkal01
152,Kyle Manzardo*,24,CLE,AL,250,.318,99,.247,.217,4.4,25.2,9.6,89.5,40.4,19.9,29.8,37.9,0.42,35.4,45.3,19.3,0.5,-0.1%,-5.16,19.0,100.0,26.7,D3/H,,manzaky01
153,Jake Burger,29,TEX,AL,249,.283,83,.258,.182,4.0,26.1,3.2,91.2,50.3,23.7,38.2,29.5,0.62,24.9,57.8,17.3,-1.3,-0.7%,-5.33,32.1,50.0,37.5,*3/DH,,burgeja01
154,Jo Adell,26,LAA,AL,248,.337,112,.233,.250,6.5,25.0,6.0,90.5,46.9,23.5,38.9,26.5,0.64,27.2,51.2,21.6,0.6,0.3%,8.05,21.1,100.0,55.6,*89/H,,adelljo01
155,Otto López,26,MIA,NL,248,.315,91,.261,.112,2.4,14.1,8.9,87.8,35.1,22.6,49.5,24.2,0.98,26.8,56.8,16.3,0.0,-0.3%,1.32,31.0,72.7,60.7,46/D,,lopezot01
156,Wilyer Abreu*,26,BOS,AL,247,.338,114,.283,.217,5.3,23.5,9.7,91.0,45.5,17.0,31.5,40.0,0.46,35.8,45.5,18.8,-0.3,-0.3%,-2.20,23.9,66.7,21.1,*9H,,abreuwi02
157,Will Smith,30,LAD,NL,247,.411,171,.372,.216,3.6,17.8,14.6,91.0,46.1,25.5,31.5,37.6,0.46,21.8,54.5,23.6,2.6,1.9%,22.99,30.2,40.0,38.1,*2/H,,smithwi05
158,Jasson Domínguez#,22,NYY,AL,246,.330,103,.321,.137,2.4,28.0,12.2,89.9,49.3,21.9,43.8,25.3,0.78,33.6,47.3,19.2,-0.3,-0.3%,0.86,34.2,90.9,46.7,7D/H,,dominja01
159,Austin Wells*,25,NYY,AL,246,.311,94,.242,.220,4.5,24.8,6.5,91.1,50.6,22.6,32.3,35.4,0.48,32.3,48.8,18.9,-0.4,-0.4%,-1.50,25.9,75.0,50.0,*2/H,,wellsau01
160,Alec Burleson*,26,STL,NL,245,.355,123,.323,.167,3.7,13.1,5.7,91.0,44.4,23.7,40.4,26.8,0.69,31.8,55.1,13.1,0.6,0.3%,4.43,21.3,100.0,21.4,3D9/H71,,burleal01
161,Isiah Kiner-Falefa,30,PIT,NL,245,.316,93,.326,.076,0.4,15.5,4.9,82.9,25.1,27.7,51.3,12.6,1.13,22.0,57.1,20.9,-0.6,-0.2%,-5.29,27.3,75.0,45.0,*6/5,,kineris01
162,Cam Smith,22,HOU,AL,243,.332,111,.353,.137,2.1,26.3,8.6,89.7,47.7,28.4,49.0,20.0,0.96,27.1,53.5,19.4,0.7,0.6%,6.13,31.2,75.0,48.5,*9,,smithca07
163,Ryan Jeffers,28,MIN,AL,242,.331,108,.293,.152,2.5,19.4,11.6,89.5,43.2,30.1,34.4,26.4,0.52,23.3,54.0,22.7,-0.1,-0.3%,0.31,23.1,,25.9,2D/H,,jeffery01
164,Santiago Espinal,30,CIN,NL,239,.261,49,.276,.045,0.0,10.5,6.7,85.3,25.8,23.7,41.9,24.2,0.75,24.7,53.5,21.7,-2.2,-1.1%,-14.07,27.1,66.7,40.0,54/7H96,,espinsa01
165,Logan O'Hoppe,25,LAA,AL,239,.321,104,.275,.238,7.1,33.5,4.2,91.7,54.1,21.6,37.8,33.1,0.61,33.8,48.0,18.2,-0.6,-0.3%,-4.40,17.0,0.0,35.7,2/HD,,ohopplo01
166,Javier Báez,32,DET,AL,238,.347,125,.339,.183,3.8,21.4,3.4,88.1,40.8,21.3,46.0,27.6,0.85,30.5,51.1,18.4,1.1,0.8%,10.24,40.6,50.0,53.8,865/4H,,baezja01
167,Jorge Polanco#,31,SEA,AL,238,.323,117,.247,.193,4.6,13.4,5.9,89.5,44.7,21.6,42.1,24.2,0.75,40.5,45.3,14.2,1.6,0.8%,8.94,25.0,60.0,13.3,D/4H53,,polanjo01
168,Brooks Lee#,24,MIN,AL,237,.311,94,.320,.126,3.0,19.4,4.6,89.1,39.7,24.0,39.7,29.6,0.66,30.7,53.1,16.2,0.3,-0.1%,2.56,19.4,50.0,30.0,546/H,,leebr02
169,Michael Toglia#,26,COL,NL,237,.285,63,.293,.178,3.8,38.4,8.4,90.1,43.9,28.0,38.4,28.0,0.62,29.6,54.4,16.0,-0.8,-0.3%,-9.33,14.5,100.0,33.3,*3/DH,,toglimi01
170,Adam Frazier*,33,PIT,NL,236,.292,80,.291,.085,1.3,15.7,6.4,84.3,19.6,26.8,39.7,26.3,0.67,31.3,48.0,20.7,-0.1,-0.1%,-2.55,23.9,54.5,42.3,47/H9,,fraziad01
171,Tommy Edman#,30,LAD,NL,233,.333,111,.251,.196,4.3,15.9,4.7,88.3,41.1,25.4,42.5,24.3,0.75,34.3,47.5,18.2,0.5,0.3%,5.88,39.7,75.0,52.6,48/H,,edmanto01
172,Lenyn Sosa,25,CHW,AL,233,.298,86,.343,.115,1.7,24.0,2.6,91.0,43.2,32.2,29.2,28.1,0.42,23.4,55.6,21.1,-1.0,-0.3%,-6.62,25.4,100.0,71.4,*43/H5D,,sosale01
173,Colt Keith*,23,DET,AL,232,.325,108,.285,.158,2.6,20.3,12.1,89.2,41.4,25.5,41.4,29.3,0.71,27.4,51.0,21.7,0.5,0.4%,1.71,36.6,,60.7,D43H/5,,keithco01
174,Tyrone Taylor,31,NYM,NL,232,.287,78,.288,.104,0.9,21.6,4.3,85.8,36.6,31.9,30.7,22.7,0.45,30.7,52.1,17.2,0.0,0.0%,-7.90,31.3,90.0,60.0,*8/H79,,tayloty01
175,Shea Langeliers,27,ATH,AL,230,.317,98,.248,.193,4.3,18.7,8.7,90.5,45.8,22.8,44.9,26.9,0.82,30.7,53.6,15.7,-1.0,-0.2%,-4.49,25.4,80.0,38.1,2/DH,,langesh01
176,Luis Urías,28,ATH,AL,230,.334,111,.264,.141,3.0,13.0,10.4,87.4,32.4,21.8,44.7,24.1,0.81,28.8,60.6,10.6,0.8,0.5%,-0.89,21.4,100.0,31.6,*4/5H,,uriaslu01
177,Pavin Smith*,29,ARI,NL,229,.379,142,.384,.205,3.5,31.0,16.6,90.4,45.8,25.0,45.0,26.7,0.82,36.7,42.5,20.8,0.4,0.1%,6.92,27.2,50.0,42.9,D3H,,smithpa04
178,Chase Meidroth,23,CHW,AL,228,.318,99,.313,.054,0.9,14.9,11.4,88.1,38.1,20.8,52.4,19.6,1.10,26.2,53.0,20.8,-0.3,0.0%,-2.42,29.5,75.0,40.0,64/H,,meidrch01
179,Carlos Narváez,26,BOS,AL,227,.348,122,.355,.169,2.6,25.1,11.5,91.6,44.4,21.5,43.8,27.8,0.78,28.5,45.1,26.4,0.4,0.2%,5.59,32.0,50.0,21.1,*2/HD,,narvaca01
180,Alex Bregman,31,BOS,AL,226,.402,162,.331,.254,4.9,18.6,9.7,92.1,48.1,20.5,36.5,33.3,0.58,35.9,55.8,8.3,0.0,0.1%,9.86,27.6,50.0,35.3,5,,bregmal01
181,Nick Allen,26,ATL,NL,225,.254,52,.289,.036,0.0,21.3,8.4,83.5,22.7,25.2,44.5,19.4,0.84,20.6,54.2,25.2,-1.2,-0.5%,-15.11,31.8,60.0,50.0,*6/H,,allenni02
182,JJ Bleday*,27,ATH,AL,225,.292,84,.226,.173,3.6,23.6,12.0,87.4,38.6,19.3,33.1,31.7,0.49,37.9,52.4,9.7,-1.4,-0.7%,-2.32,36.2,33.3,47.8,*8/7HD,,bledajj01
183,Ketel Marte#,31,ARI,NL,225,.432,180,.317,.279,6.2,13.8,13.8,90.9,45.9,23.3,43.4,27.0,0.77,40.3,47.2,12.6,1.3,0.6%,16.41,38.3,66.7,39.1,4/DH,,marteke01
184,Trey Sweeney*,25,DET,AL,223,.267,66,.283,.094,1.8,25.6,7.6,88.1,34.0,20.1,48.3,24.8,0.94,34.9,56.4,8.7,-0.7,-0.3%,-6.28,39.7,66.7,48.3,*6/H,,sweentr01
185,Agustín Ramírez,23,MIA,NL,222,.311,91,.234,.214,5.0,17.1,6.8,91.5,47.3,24.9,46.7,21.3,0.88,26.6,53.3,20.1,-0.9,-0.1%,-5.25,25.0,33.3,44.0,D2/H,,ramirag01
186,Jesús Sánchez*,27,MIA,NL,222,.329,97,.294,.167,3.2,22.5,9.5,91.7,46.0,24.0,51.3,17.3,1.05,37.3,47.3,15.3,0.4,0.0%,-1.29,25.0,88.9,30.0,*98/H7D,,sanchje02
187,Mike Trout,33,LAA,AL,221,.329,107,.259,.214,5.4,28.1,13.1,92.8,54.7,27.3,33.6,34.4,0.51,25.0,50.8,24.2,-0.3,-0.2%,4.32,21.3,100.0,43.8,D9/H,,troutmi01
188,Dillon Dingler,26,DET,AL,220,.320,105,.342,.153,3.2,25.9,2.7,89.5,45.8,27.5,34.0,29.4,0.51,28.8,51.0,20.3,0.4,0.1%,0.38,26.7,,35.3,*2/H,,dingldi01
189,Ángel Martínez#,23,CLE,AL,220,.279,67,.280,.129,2.3,20.5,2.7,85.8,30.4,19.6,41.7,26.8,0.75,39.9,47.0,13.1,-0.9,-0.7%,-8.58,36.5,100.0,47.4,84/H97,,martian02
190,Harrison Bader,31,MIN,AL,219,.335,110,.308,.162,3.2,24.2,9.1,87.5,41.3,20.7,48.6,24.3,0.94,30.7,54.3,15.0,0.4,0.0%,1.83,20.9,70.0,53.8,*78/H9,,baderha01
191,Willi Castro#,28,MIN,AL,218,.358,127,.353,.176,3.2,24.3,9.2,88.4,42.1,30.0,37.9,25.0,0.61,30.7,54.3,15.0,0.2,0.1%,4.94,37.5,75.0,37.9,4795/618,,castrwi01
192,Caleb Durbin,25,MIL,NL,217,.297,86,.241,.102,1.4,9.7,6.0,83.5,25.1,18.7,40.4,25.1,0.71,31.6,56.1,12.3,0.9,0.3%,2.40,33.8,66.7,23.1,*5/4H,,durbica01
193,Kameron Misner*,27,TBR,AL,217,.282,72,.296,.132,2.3,31.8,7.4,86.0,29.8,23.7,40.5,26.7,0.72,32.8,48.1,19.1,-0.6,-0.4%,-7.29,40.7,88.9,55.6,*89/7HD,,misneka01
194,Alek Thomas*,25,ARI,NL,216,.291,77,.315,.110,1.4,24.1,4.6,90.9,41.9,22.0,53.3,20.0,1.16,36.7,50.0,13.3,-0.7,-0.3%,-6.90,31.7,66.7,57.9,*8/HD,,thomaal01
195,Jake Cronenworth*,31,SDP,NL,209,.343,115,.281,.162,2.9,20.1,13.9,87.9,36.3,20.0,40.0,31.1,0.68,34.1,45.9,20.0,-0.2,-0.2%,2.34,25.0,66.7,54.5,4/3H,,croneja01
196,Jonah Heim#,30,TEX,AL,209,.287,83,.259,.133,3.3,23.0,4.8,88.5,33.3,26.0,37.3,26.7,0.60,27.3,54.7,18.0,-0.2,0.0%,-2.68,20.8,100.0,35.0,2D/H,,heimjo01
197,Michael Massey*,27,KCR,AL,209,.210,20,.226,.056,1.0,15.3,2.4,86.0,31.0,24.0,31.0,28.7,0.46,40.4,42.7,17.0,-2.3,-1.4%,-24.22,18.2,100.0,50.0,4/7DH,,massemi02
198,Anthony Santander#,30,TOR,AL,209,.259,55,.218,.125,2.9,26.3,11.5,89.9,40.8,23.8,36.9,26.2,0.59,44.6,41.5,13.8,-1.2,-0.9%,-12.42,15.7,,21.4,D9/7H3,,santaan02
199,Ramón Urías,31,BAL,AL,209,.301,93,.292,.120,2.4,20.1,8.1,89.7,40.5,22.1,44.3,25.5,0.80,28.2,51.7,20.1,0.1,0.2%,-3.09,25.0,100.0,50.0,5/HD34,,uriasra01
200,Connor Norby,25,MIA,NL,208,.303,82,.321,.124,1.9,28.4,5.3,87.7,36.3,22.2,40.7,33.3,0.69,31.1,51.9,17.0,-0.9,-0.1%,-3.82,37.5,75.0,35.0,*5/HD,,norbyco01
201,Mark Vientos,25,NYM,NL,208,.307,98,.276,.150,2.9,23.6,8.2,90.7,45.7,25.0,41.4,27.1,0.71,22.9,57.9,19.3,-0.5,-0.3%,-2.33,28.6,,43.8,5D/H,,vientma01
202,Mickey Moniak*,27,COL,NL,207,.335,102,.275,.255,5.3,24.6,6.3,88.8,45.1,23.2,38.0,34.5,0.62,42.3,39.4,18.3,-0.4,-0.2%,-0.23,32.0,60.0,64.3,*98/H7D,,moniami01
203,Andrew Benintendi*,30,CHW,AL,205,.327,108,.250,.201,3.9,17.1,7.3,89.5,38.7,21.7,29.6,36.8,0.42,40.8,46.1,13.2,0.6,-0.1%,7.96,28.3,,42.9,7D/H,,beninan01
204,José Caballero,28,TBR,AL,205,.322,91,.325,.109,1.0,29.3,12.2,82.6,29.1,31.6,30.8,23.9,0.47,26.5,60.7,12.8,-0.6,-0.3%,3.97,36.9,82.9,53.8,659/H748D,,cabaljo01
205,Bo Naylor*,25,CLE,AL,204,.295,84,.200,.201,4.4,27.9,13.2,88.1,34.2,20.8,27.5,34.2,0.39,29.2,53.3,17.5,-0.1,-0.2%,-0.09,32.7,50.0,47.1,*2/H,,naylobo01
206,Ben Williamson,24,SEA,AL,204,.267,75,.343,.057,0.5,25.5,4.4,88.4,44.7,19.7,54.9,21.8,1.24,16.2,54.2,29.6,-0.8,-0.5%,-7.34,44.8,66.7,39.3,*5/H,,willibe03
207,Taylor Walls#,28,TBR,AL,203,.272,72,.274,.085,1.0,21.2,10.8,84.1,26.8,21.7,38.4,29.7,0.68,29.0,50.0,21.0,0.5,0.4%,-0.82,39.0,60.0,54.5,*6/HD,,wallsta01
208,Andrés Giménez*,26,TOR,AL,201,.279,64,.211,.102,2.0,15.9,7.0,85.3,29.0,25.2,44.2,23.8,0.83,32.0,56.5,11.6,-0.3,-0.2%,-6.43,34.6,90.0,50.0,4/H,,gimenan01
209,Tyler Fitzgerald,27,SFG,NL,200,.282,78,.315,.090,1.0,26.5,6.5,80.9,28.0,21.2,37.1,28.8,0.65,25.8,51.5,22.7,-1.1,-0.8%,-13.33,27.8,69.2,37.5,*4/H,,fitzgty01
210,Nolan Jones*,27,CLE,AL,200,.281,75,.285,.108,1.5,25.5,10.0,91.0,48.0,28.3,40.9,22.8,0.71,27.6,55.1,17.3,-0.4,-0.2%,-3.71,17.5,57.1,9.1,*98H/7D,,jonesno01
211,Ryan Mountcastle,28,BAL,AL,200,.300,92,.310,.102,1.0,23.0,4.0,90.5,46.5,29.9,44.4,21.5,0.80,31.3,45.1,23.6,-0.2,0.0%,-2.31,31.5,100.0,20.0,3/DH,,mountry01
212,Corey Seager*,31,TEX,AL,199,.309,102,.266,.154,3.5,20.6,11.1,92.7,51.9,17.8,48.9,29.6,0.96,34.1,48.1,17.8,-0.4,-0.2%,-2.09,22.8,,20.0,6/D,,seageco01
213,Jazz Chisholm Jr.*,27,NYY,AL,198,.362,127,.288,.219,5.1,28.8,11.6,87.9,42.1,14.0,39.5,36.0,0.67,37.7,50.9,11.4,0.0,0.0%,5.21,28.1,83.3,66.7,45/H,,chishja01
214,Kyle Isbel*,28,KCR,AL,198,.272,65,.288,.116,1.5,17.7,3.0,82.2,33.3,21.0,38.9,15.3,0.76,36.3,51.6,12.1,-0.7,-0.4%,-7.52,33.3,66.7,43.8,*8/H,,isbelky01
215,Drew Waters#,26,KCR,AL,198,.304,89,.356,.080,0.5,25.8,4.5,86.5,30.6,25.0,46.3,25.0,0.86,34.8,48.9,16.3,-0.3,-0.1%,-6.22,33.9,71.4,25.0,*798/H,,waterdr01
216,Pedro Pagés,26,STL,NL,197,.279,70,.269,.133,2.5,23.9,6.1,86.9,36.0,19.7,40.9,28.5,0.71,22.6,48.2,29.2,-0.8,-0.5%,-2.35,35.4,,6.7,*2/34,,pagespe02
217,Alex Verdugo*,29,ATL,NL,197,.279,68,.292,.055,0.0,14.2,6.6,90.3,45.1,29.2,46.8,18.8,0.88,30.5,51.9,17.5,-0.4,-0.1%,-6.10,33.3,100.0,48.0,7/H,,verdual01
218,Patrick Bailey#,26,SFG,NL,195,.245,53,.283,.081,0.5,31.8,8.7,86.9,35.7,17.2,32.8,39.7,0.51,25.9,55.2,19.0,-0.7,-0.5%,-5.54,36.7,,37.5,*2/H,,bailepa01
219,Addison Barger*,25,TOR,AL,195,.348,120,.312,.225,4.1,23.1,8.2,93.2,51.9,27.1,38.3,24.8,0.62,42.9,41.4,15.8,0.2,0.3%,4.56,30.4,100.0,37.5,59/H,,bargead01
220,Jackson Merrill*,22,SDP,NL,195,.358,128,.370,.168,2.6,21.0,6.7,88.7,40.0,27.1,44.3,26.4,0.79,30.0,49.3,20.7,0.6,0.2%,8.86,32.8,33.3,64.3,8,,merrija01
221,Andrew Vaughn,27,CHW,AL,193,.231,37,.217,.124,2.6,22.3,3.6,91.5,48.3,23.1,41.3,29.4,0.70,24.5,54.5,21.0,-1.3,-0.3%,-14.45,10.8,,15.4,3D/H,,vaughan01
222,Joey Bart,28,PIT,NL,192,.302,83,.333,.060,0.5,25.0,12.0,88.6,43.2,23.7,50.8,23.7,1.03,30.5,55.9,13.6,-1.0,-0.2%,-9.38,12.3,100.0,21.7,2/HD,,bartjo01
223,Jordan Walker,23,STL,NL,191,.260,57,.306,.085,1.6,33.0,6.3,91.7,46.5,22.8,45.6,21.9,0.84,21.9,57.0,21.1,-0.7,-0.6%,-5.71,37.5,60.0,35.3,*9/H,,walkejo02
224,LaMonte Wade Jr.*,31,2TM,2LG,191,.257,60,.225,.092,0.5,22.5,11.5,88.3,30.1,26.0,30.1,32.5,0.44,33.3,50.4,16.3,-1.0,-0.6%,-4.85,26.9,100.0,38.5,3H/9D7,,wadela01
224,LaMonte Wade Jr.*,31,SFG,NL,169,.256,60,.211,.104,0.6,20.7,12.4,88.4,30.4,25.9,28.6,33.0,0.41,33.9,48.2,17.9,-1.1,-0.6%,-3.30,24.4,,45.5,3/HD,,wadela01
224,LaMonte Wade Jr.*,31,LAA,AL,22,.267,54,.364,.000,0.0,36.4,4.5,87.8,27.3,27.3,45.5,27.3,0.83,27.3,72.7,0.0,0.0,0.0%,-1.55,42.9,100.0,0.0,/9H37,,wadela01
225,Danny Jansen,30,TBR,AL,188,.301,90,.227,.160,3.7,24.5,11.7,87.2,36.8,21.4,27.4,29.9,0.38,35.9,53.0,11.1,-0.3,-0.3%,-8.23,20.0,,27.8,2/H,,janseda01
226,Gabriel Moreno,25,ARI,NL,188,.322,100,.307,.144,2.7,17.0,6.9,91.3,47.2,23.2,47.2,26.1,0.89,23.9,46.5,29.6,-0.5,-0.1%,-0.50,42.9,50.0,30.0,2/H,,morenga01
227,Daniel Schneemann*,28,CLE,AL,187,.329,105,.277,.186,4.3,25.1,10.2,86.8,39.2,16.5,54.5,21.5,1.25,39.7,46.3,14.0,1.1,0.8%,5.17,28.0,83.3,38.5,4/H58697,,schneda04
228,Carson Kelly,30,CHC,NL,186,.371,144,.261,.215,4.8,16.7,14.0,90.1,44.5,22.7,41.4,28.9,0.71,29.7,50.0,20.3,0.1,-0.1%,7.51,32.8,,20.0,2/HD,,kellyca02
229,Brett Baty*,25,NYM,NL,185,.307,95,.252,.187,4.3,26.5,5.9,89.9,47.2,23.6,43.9,26.0,0.79,29.3,57.7,13.0,-0.6,-0.5%,-0.47,22.0,100.0,12.5,54/HD,,batybr01
230,Alex Call,30,WSN,NL,185,.350,126,.310,.113,1.1,13.5,11.4,86.7,27.7,21.8,43.6,26.3,0.83,20.3,52.6,27.1,-0.6,-0.1%,2.79,31.8,100.0,31.8,97/HD,,callal02
231,Rowdy Tellez*,30,SEA,AL,185,.292,92,.217,.225,5.9,26.5,4.3,91.4,48.4,22.2,36.5,32.5,0.58,33.3,46.0,20.6,-0.6,-0.3%,-2.61,25.7,100.0,0.0,*3/HD,,tellero01
232,Tommy Pham,37,PIT,NL,184,.270,61,.293,.056,0.5,26.1,9.8,89.9,40.9,21.4,53.8,17.9,1.17,30.8,48.7,20.5,-0.9,-0.3%,-11.78,26.4,75.0,43.8,7/9HD,,phamth01
233,Kyle Farmer,34,COL,NL,183,.285,65,.282,.134,1.6,21.3,4.9,85.9,33.3,30.6,42.5,20.9,0.74,27.6,60.4,11.9,-1.4,0.1%,-9.79,10.6,,37.5,463/DH5,,farmeky01
234,Victor Caratini#,31,HOU,AL,181,.309,94,.281,.135,2.8,17.7,5.5,88.7,39.1,21.8,41.4,27.1,0.71,33.8,52.6,13.5,-1.0,-0.8%,-3.58,23.1,,30.8,2D/H3,,caratvi01
235,Miguel Andujar,30,ATH,AL,180,.323,103,.324,.107,1.7,12.8,5.0,87.5,34.7,22.3,48.6,22.3,0.95,25.0,61.5,13.5,-0.1,0.0%,4.12,28.6,100.0,50.0,75/H9D3,,andujmi01
236,Leody Taveras#,26,2TM,AL,180,.239,49,.269,.099,1.7,27.8,2.8,85.0,35.2,24.8,30.4,24.8,0.48,20.0,57.6,22.4,-0.7,-0.5%,-13.32,27.0,75.0,45.5,*89/H,,taverle01
236,Leody Taveras#,26,TEX,AL,82,.271,65,.327,.101,1.2,28.0,2.4,81.1,26.3,24.6,28.1,22.8,0.44,14.0,61.4,24.6,-0.2,-0.1%,-3.67,30.0,85.7,66.7,8/H,,taverle01
236,Leody Taveras#,26,SEA,AL,98,.212,35,.219,.098,2.0,27.6,3.1,88.3,42.6,25.0,32.4,26.5,0.50,25.0,54.4,20.6,-0.5,-0.4%,-9.66,23.5,60.0,20.0,9/8H,,taverle01
237,Sean Murphy,30,ATL,NL,178,.333,107,.269,.209,5.1,29.8,10.1,89.9,43.6,24.5,45.1,28.4,0.82,33.3,53.9,12.7,1.0,0.4%,4.63,12.5,,37.5,2/HD,,murphse01
238,Matt Shaw,23,CHC,NL,178,.283,74,.273,.094,1.1,20.8,9.0,82.3,24.6,28.5,43.9,17.1,0.79,25.2,45.5,29.3,-0.8,-0.6%,-9.53,39.2,88.9,62.5,5/H,,shawma01
239,Elias Díaz,34,SDP,NL,177,.268,61,.264,.106,2.3,26.0,8.5,87.3,39.8,20.0,39.1,26.1,0.65,26.1,49.6,24.3,-2.0,-1.4%,-15.56,35.6,,30.8,*2H,,diazel01
240,Edgar Quero#,22,CHW,AL,177,.300,90,.341,.044,0.0,19.2,8.5,90.8,47.6,27.8,53.2,15.9,1.14,18.3,61.9,19.8,-0.4,0.0%,-2.67,13.3,0.0,36.4,2H/D,,queroed01
241,Dylan Crews,23,WSN,NL,173,.286,76,.233,.158,4.0,27.7,6.4,90.1,41.7,20.9,48.2,25.5,0.93,28.2,54.5,17.3,0.0,0.0%,-5.25,43.6,78.6,55.6,98,,crewsdy01
242,Javier Sanoja,22,MIA,NL,173,.265,61,.271,.096,0.6,14.5,5.8,86.8,37.5,26.8,42.8,17.4,0.83,22.5,54.3,23.2,-0.1,0.1%,-6.71,37.0,42.9,53.8,47/8H6513,,sanojja01
243,Isaac Collins#,27,MIL,NL,172,.355,126,.330,.144,2.3,23.3,12.8,85.0,33.3,24.1,40.7,25.0,0.72,30.6,55.6,13.9,-0.1,0.0%,4.46,31.0,72.7,61.5,7H/D459,,colliis01
244,Christopher Morel,26,TBR,AL,172,.323,107,.319,.186,3.5,34.3,8.1,90.7,45.4,11.3,39.2,38.1,0.66,42.3,48.5,9.3,-0.3,-0.2%,1.73,40.0,66.7,20.0,7H/9D,,morelch01
245,Iván Herrera,25,STL,NL,171,.401,156,.357,.213,4.7,18.7,9.4,89.8,44.1,25.0,49.2,16.7,0.97,23.3,53.3,23.3,2.4,1.5%,15.13,23.7,100.0,40.9,D2/H,,herreiv01
246,Brandon Marsh*,27,PHI,NL,171,.320,95,.340,.115,1.2,24.6,11.7,90.6,48.1,25.7,44.0,26.6,0.80,25.7,54.1,20.2,-0.7,-0.3%,-1.66,32.1,75.0,50.0,*87H/9,,marshbr02
247,Jeff McNeil*,33,NYM,NL,171,.354,131,.224,.236,4.7,9.9,11.1,85.7,31.6,25.6,34.6,30.8,0.53,39.8,45.1,15.0,-0.2,-0.1%,-0.27,14.3,100.0,18.2,48/7HD9,,mcneije01
248,Ramón Laureano,30,BAL,AL,170,.348,129,.316,.230,5.3,29.4,8.2,87.3,41.3,25.0,38.5,30.8,0.63,33.7,53.8,12.5,-0.2,-0.2%,-1.85,26.1,66.7,45.5,97/HD8,,laurera01
249,Dylan Moore,32,SEA,AL,169,.316,110,.297,.183,4.7,33.1,8.3,85.1,34.3,22.2,36.4,28.3,0.57,32.3,53.5,14.1,-1.1,-0.7%,-7.78,36.6,69.2,55.6,4H935/6D8,,mooredy01
250,Eli White,31,ATL,NL,169,.304,84,.305,.138,1.8,23.1,4.1,85.3,37.2,25.4,47.5,20.5,0.97,28.7,46.7,24.6,-1.6,-0.7%,-4.78,47.7,83.3,53.8,*79H/D8,,whiteel04
251,Nolan Gorman*,25,STL,NL,167,.308,93,.275,.176,3.0,29.3,13.2,87.0,38.9,22.9,28.1,38.5,0.40,31.3,50.0,18.8,-0.5,-0.3%,-5.69,34.0,0.0,26.7,45D/H3,,gormano01
252,Heston Kjerstad*,26,BAL,AL,167,.255,59,.241,.135,2.4,26.9,3.6,88.8,41.1,25.9,41.1,25.0,0.70,28.6,51.8,19.6,-1.9,-0.7%,-15.24,33.3,100.0,38.5,79/HD,,kjershe01
253,Tyler Stephenson,28,CIN,NL,167,.330,101,.361,.181,3.6,36.5,10.2,91.2,52.8,22.5,37.1,37.1,0.59,30.3,49.4,20.2,-1.0,-0.5%,0.85,27.7,0.0,25.0,2D,,stephty01
254,Jacob Young,25,WSN,NL,165,.263,75,.283,.049,0.0,13.3,8.5,80.7,31.7,18.1,54.3,11.8,1.57,18.9,55.1,26.0,-1.5,-0.4%,-12.36,34.0,42.9,58.3,8/HD,,youngja03
255,Drake Baldwin*,24,ATL,NL,164,.371,135,.310,.187,4.9,15.9,8.5,92.5,53.2,19.4,54.0,23.4,1.18,29.0,51.6,19.4,-0.1,-0.1%,8.34,18.0,,45.5,2H/D,,baldwdr01
256,Jose Iglesias,35,SDP,NL,164,.273,65,.279,.034,0.0,15.9,5.5,82.8,22.8,17.7,66.1,12.1,2.05,16.9,54.0,29.0,0.4,0.2%,3.83,20.8,66.7,8.3,46H/5D7,,iglesjo01
257,Kiké Hernández,33,LAD,NL,163,.304,91,.242,.177,4.3,25.8,8.6,89.8,39.6,25.2,38.3,28.0,0.63,32.7,48.6,18.7,-1.1,-0.8%,-5.89,36.8,,54.5,347H/581D,,hernaen02
258,Starling Marte,36,NYM,NL,160,.332,116,.287,.130,2.5,16.9,7.5,85.8,39.3,19.5,47.8,24.8,0.96,21.2,57.5,21.2,0.2,0.1%,-0.03,29.4,66.7,61.5,DH/79,,martest01
259,Jake Mangum#,29,TBR,AL,159,.342,110,.365,.074,0.6,13.2,5.7,87.7,43.2,20.3,60.2,14.1,1.54,18.8,57.8,23.4,0.2,0.2%,7.15,25.0,100.0,60.0,789/H,,manguja01
260,Dane Myers,29,MIA,NL,159,.369,131,.402,.136,2.5,22.6,6.3,91.6,44.1,32.4,41.4,20.7,0.72,21.6,63.1,15.3,-0.4,0.0%,-0.75,23.6,66.7,36.4,8/H9,,myersda01
261,Luisangel Acuña,23,NYM,NL,158,.273,63,.299,.041,0.0,18.4,6.3,86.0,35.7,22.0,54.2,16.9,1.28,12.7,59.3,28.0,-0.9,-0.8%,-13.47,50.0,91.7,65.0,*4H/658,,acunajo01
262,Nick Kurtz*,22,ATH,AL,158,.342,120,.298,.261,6.3,32.3,8.2,91.9,48.9,16.0,41.5,36.2,0.71,29.8,48.9,21.3,0.5,-0.1%,1.81,21.1,0.0,28.6,3/D,,kurtzni01
263,Jose Trevino,32,CIN,NL,157,.366,124,.323,.201,2.5,11.5,6.4,87.1,40.6,23.3,45.7,22.5,0.87,36.4,48.8,14.7,0.0,0.0%,2.07,34.0,,29.4,2/DH,,trevijo01
264,Mauricio Dubón,30,HOU,AL,156,.312,94,.250,.166,3.2,8.3,5.8,83.3,31.3,14.9,48.5,28.4,1.00,18.0,54.9,27.1,-0.1,0.0%,-4.33,34.1,100.0,50.0,47/56H398,,dubonma01
265,Michael A. Taylor,34,CHW,AL,156,.287,75,.321,.164,2.6,37.8,9.0,86.3,47.0,24.1,27.7,32.5,0.43,26.5,53.0,20.5,-0.7,-0.2%,-2.57,41.0,77.8,60.0,*97H8/D,,taylomi02
266,Nathan Lukes*,30,TOR,AL,155,.325,107,.287,.115,2.6,12.9,11.0,86.2,34.8,26.7,47.4,18.1,0.96,28.4,56.9,14.7,-0.2,-0.1%,-1.53,30.0,33.3,35.0,978/H,,lukesna01
267,José Tena*,24,WSN,NL,154,.306,95,.324,.117,0.0,21.4,9.7,89.1,42.2,26.7,58.1,13.3,1.45,28.6,49.5,21.9,-0.4,-0.2%,-1.04,36.0,66.7,25.0,5/H4,,tenajo01
268,Alexander Canario,25,PIT,NL,152,.278,67,.307,.100,2.0,32.2,7.9,88.0,49.5,18.7,48.4,26.4,0.94,28.6,58.2,13.2,-0.4,-0.2%,-10.83,30.8,66.7,30.8,79/8H,,canaral01
269,Tim Tawa,26,ARI,NL,151,.312,89,.264,.180,4.0,25.8,8.6,87.4,39.8,16.3,48.0,28.6,0.96,35.7,50.0,14.3,-0.7,-0.2%,-7.24,36.8,77.8,40.0,48H/7395,,tawati01
270,Liam Hicks*,26,MIA,NL,149,.359,123,.308,.164,2.7,14.1,10.1,83.3,25.7,26.4,36.4,31.8,0.60,27.3,54.5,18.2,0.2,0.0%,8.25,22.0,,37.5,2H/D3,,hicksli01
271,Matt Thaiss*,30,2TM,AL,149,.326,109,.321,.068,0.7,24.2,18.8,87.4,43.9,21.7,38.6,26.5,0.65,37.3,47.0,15.7,0.5,0.2%,6.59,25.0,50.0,50.0,2/H3D,,thaisma01
271,Matt Thaiss*,30,CHW,AL,110,.326,108,.266,.082,0.9,19.1,20.9,87.3,39.1,21.5,40.0,27.7,0.68,36.9,46.2,16.9,0.5,0.2%,2.54,24.4,50.0,54.5,2/H3D,,thaisma01
271,Matt Thaiss*,30,TBR,AL,39,.329,111,.529,.031,0.0,38.5,12.8,87.9,61.1,22.2,33.3,22.2,0.55,38.9,50.0,11.1,0.0,0.0%,4.05,26.7,,40.0,2,,thaisma01
272,Joc Pederson*,33,TEX,AL,146,.241,51,.152,.107,1.4,19.2,13.7,90.5,44.1,17.0,45.7,25.5,0.84,37.2,46.8,16.0,-1.5,-1.0%,-15.72,21.6,100.0,42.9,D/H3,,pederjo01
273,Brooks Baldwin#,24,CHW,AL,145,.253,51,.275,.113,2.1,28.3,4.8,86.6,38.5,19.8,47.9,22.9,1.02,35.4,46.9,17.7,-1.3,-0.3%,-9.60,18.2,100.0,66.7,7H46/985,,baldwbr01
274,Jake Fraley*,30,CIN,NL,145,.326,95,.250,.152,3.4,19.3,13.1,84.8,34.4,24.7,36.1,27.8,0.56,37.1,51.5,11.3,0.5,0.2%,4.76,44.2,66.7,35.3,9/HD,,fraleja01
275,Joshua Palacios*,29,CHW,AL,145,.278,72,.258,.102,2.1,24.8,8.3,86.3,40.2,22.6,45.2,19.4,0.88,39.8,34.4,25.8,-1.2,-0.2%,-11.34,20.5,,12.5,97/HD,,palacjo01
276,Luis Torrens,29,NYM,NL,145,.289,85,.283,.107,0.7,21.4,9.0,93.0,57.0,29.0,48.0,22.0,0.92,21.0,61.0,18.0,-0.1,-0.1%,-0.66,14.3,,33.3,2/HD3,,torrelu01
277,Matt Wallner*,27,MIN,AL,145,.326,104,.253,.227,4.1,29.7,9.7,92.0,50.0,21.2,34.1,30.6,0.52,44.7,42.4,12.9,-1.0,-0.5%,-3.66,24.3,,50.0,9/DH,,wallnma01
278,Freddy Fermin,30,KCR,AL,143,.279,74,.299,.076,1.4,16.1,6.3,86.8,31.8,21.8,47.3,20.9,0.96,22.7,55.5,21.8,-0.9,-0.5%,-9.25,23.8,0.0,18.2,2/HD,,fermifr01
279,Josh Lowe*,27,TBR,AL,143,.315,98,.281,.151,2.8,23.1,10.5,89.1,47.9,31.9,42.6,18.1,0.77,29.8,53.2,17.0,0.0,0.1%,1.36,48.8,83.3,61.5,9/HD,,lowejo01
280,Jordan Westburg,26,BAL,AL,142,.328,115,.264,.206,4.9,26.1,6.3,89.7,44.7,18.1,46.8,27.7,0.88,20.2,59.6,20.2,-0.4,-0.2%,1.37,38.2,50.0,64.3,54D,,westbjo01
281,Kyren Paris,23,LAA,AL,140,.305,84,.295,.190,4.3,42.1,7.1,88.9,48.5,17.9,37.3,40.3,0.60,32.8,44.8,22.4,0.6,0.4%,2.13,45.2,87.5,44.4,84/H7D,,parisky01
282,Jared Triolo,27,PIT,NL,140,.279,63,.188,.125,2.1,15.7,11.4,88.0,38.6,20.8,34.7,33.7,0.56,25.7,54.5,19.8,-0.6,-0.3%,-7.01,22.9,83.3,26.7,364/5HD,,triolja01
283,Mitch Garver,34,SEA,AL,139,.291,89,.289,.100,2.2,29.5,12.9,92.4,49.4,24.1,34.2,29.1,0.52,32.9,59.5,7.6,-1.1,-0.8%,-2.34,24.4,100.0,23.1,D2H,,garvemi01
284,Miles Mastrobuoni*,29,SEA,AL,139,.284,89,.296,.050,0.7,15.8,10.8,87.5,39.6,30.4,46.1,18.6,0.92,24.5,54.9,20.6,0.0,0.0%,-1.63,36.4,57.1,50.0,H549/7,,mastrmi01
285,Myles Straw,30,TOR,AL,139,.280,65,.297,.078,0.7,12.2,3.6,84.2,26.5,23.9,39.3,27.4,0.72,21.4,53.0,25.6,-0.4,-0.2%,-5.06,47.4,83.3,50.0,*8H7/49,,strawmy01
286,Francisco Alvarez,23,NYM,NL,138,.302,94,.317,.098,2.2,27.5,9.4,92.9,50.6,22.4,49.4,22.4,0.98,18.8,57.6,23.5,-0.8,-0.6%,-3.79,17.1,,28.6,2,,alvarfr01
287,Ezequiel Tovar,23,COL,NL,138,.312,87,.316,.148,2.2,21.7,5.1,89.0,44.0,37.0,34.0,21.0,0.53,24.0,58.0,18.0,-1.2,-0.3%,-5.58,28.9,50.0,80.0,6,,tovarez01
288,Johan Rojas,24,PHI,NL,137,.266,50,.295,.074,0.7,24.8,7.3,81.1,28.0,18.3,44.1,20.4,0.95,15.1,59.1,25.8,-0.7,-0.5%,-6.87,44.4,81.8,50.0,8H/D,,rojasjo03
289,Max Muncy,22,ATH,AL,136,.259,56,.250,.148,3.7,32.4,4.4,87.7,33.3,23.5,42.4,22.4,0.75,30.6,54.1,15.3,-0.9,-0.4%,-4.82,14.8,100.0,33.3,45/H6,,muncyma02
290,Christian Vázquez,34,MIN,AL,135,.245,47,.204,.098,1.5,17.8,8.1,86.0,27.0,30.0,36.0,26.0,0.56,25.0,60.0,15.0,-1.1,-0.6%,-10.03,25.8,0.0,63.6,2/H,,vazquch01
291,Matt Mervis*,27,MIA,NL,134,.290,73,.219,.208,5.2,37.3,8.2,88.3,38.0,14.1,36.6,35.2,0.58,36.6,50.7,12.7,-0.4,0.0%,-5.43,29.6,,25.0,3D/H,,mervima01
292,Abraham Toro#,28,BOS,AL,134,.363,132,.317,.189,3.7,16.4,3.0,86.5,34.9,19.8,43.4,27.4,0.77,33.0,47.2,19.8,0.4,0.0%,4.61,31.6,,35.7,3/5H1,,toroab01
293,Chandler Simpson*,24,TBR,AL,133,.313,82,.318,.033,0.0,10.5,4.5,80.3,15.5,31.5,53.2,8.1,1.28,28.8,57.7,13.5,0.4,0.2%,0.77,41.5,86.4,52.4,87/H9,,simpsch01
294,Kody Clemens*,29,2TM,2LG,133,.311,95,.200,.241,5.3,22.6,9.0,92.6,51.7,27.3,33.0,31.8,0.51,42.0,51.1,6.8,0.4,-0.3%,-4.21,29.0,0.0,37.5,4H/3978D,,clemeko01
294,Kody Clemens*,29,PHI,NL,7,.100,-61,.000,.000,0.0,0.0,14.3,81.9,16.7,16.7,66.7,16.7,2.00,66.7,33.3,0.0,0.0,0.0%,-0.25,0.0,,,/H47D,,clemeko01
294,Kody Clemens*,29,MIN,AL,126,.322,104,.216,.255,5.6,23.8,8.7,93.4,54.3,28.0,30.5,32.9,0.45,40.2,52.4,7.3,0.3,-0.3%,-3.97,30.0,0.0,37.5,4/3H978,,clemeko01
295,Austin Hays,29,CIN,NL,130,.383,134,.361,.252,4.6,24.6,6.2,89.7,43.8,23.6,39.3,29.2,0.65,36.0,51.7,12.4,-0.2,-0.1%,3.49,43.6,100.0,47.1,7D/H,,haysau01
296,Kyle Higashioka,35,TEX,AL,129,.259,66,.268,.075,0.8,17.1,5.4,89.7,38.1,21.4,39.8,30.6,0.67,33.7,56.1,10.2,-0.1,-0.1%,-1.39,25.7,,50.0,2/DH,,higasky01
297,Josh Rojas*,31,CHW,AL,129,.243,43,.259,.043,0.0,27.1,9.3,88.1,35.0,25.6,43.9,25.6,0.80,39.0,43.9,17.1,-0.9,0.0%,-6.74,24.2,80.0,18.2,54/7H,,rojasjo01
298,Brendan Rodgers,28,HOU,AL,128,.265,65,.294,.087,1.6,35.9,8.6,90.5,48.6,24.3,40.0,31.4,0.67,22.9,62.9,14.3,-1.0,-0.6%,-5.14,31.3,0.0,25.0,4/HD,,rodgebr02
299,Randal Grichuk,33,ARI,NL,127,.320,98,.281,.183,2.4,20.5,7.1,91.6,51.1,27.2,39.1,22.8,0.64,32.6,46.7,20.7,0.4,0.0%,-1.86,41.2,,43.8,DH9/78,,grichra01
300,Amed Rosario,29,WSN,NL,127,.336,115,.290,.160,3.1,12.6,3.9,91.3,45.2,26.0,47.1,21.2,0.89,31.7,55.8,12.5,-0.4,-0.1%,0.35,33.3,100.0,52.9,5/4HD169,,rosaram01
301,Oswald Peraza,25,NYY,AL,126,.233,38,.195,.123,2.4,27.0,8.7,86.9,39.2,18.8,48.8,22.5,0.98,35.0,55.0,10.0,-1.0,-0.8%,-8.60,37.0,,57.1,54/6H,,perazos02
302,Will Benson*,27,CIN,NL,125,.301,82,.236,.213,4.8,27.2,9.6,93.6,57.7,26.9,37.2,32.1,0.59,30.8,53.8,15.4,0.2,0.1%,-2.27,30.0,33.3,50.0,79/H8,,bensowi01
303,Travis d'Arnaud,36,LAA,AL,124,.262,59,.292,.130,2.4,33.1,4.8,89.3,42.7,25.3,37.3,29.3,0.60,22.7,62.7,14.7,-0.9,-0.6%,-7.95,10.3,,66.7,2/HD,,darnatr01
304,Ronald Acuña Jr.,27,ATL,NL,122,.513,235,.477,.317,7.4,22.1,17.2,93.9,58.1,23.0,43.2,31.1,0.76,23.0,60.8,16.2,1.5,0.3%,15.68,40.4,100.0,45.8,9,,acunaro01
305,Oswaldo Cabrera#,26,NYY,AL,122,.304,93,.305,.065,0.8,20.5,9.0,87.0,34.5,27.4,50.0,14.3,1.08,38.1,44.0,17.9,0.0,-0.1%,2.02,42.1,0.0,53.8,5/H379,,cabreos01
306,Jonah Bride,29,2TM,2LG,122,.223,26,.250,.018,0.0,31.1,9.0,87.2,27.8,19.4,47.2,18.1,0.89,26.4,51.4,22.2,-1.2,-0.8%,-9.11,23.3,,23.1,5H/3D14,,bridejo01
306,Jonah Bride,29,MIA,NL,45,.162,-21,.160,.000,0.0,33.3,11.1,84.5,28.0,8.0,52.0,24.0,1.08,20.0,52.0,28.0,-0.7,-0.4%,-4.11,33.3,,40.0,/D35H,,bridejo01
306,Jonah Bride,29,MIN,AL,77,.257,54,.298,.029,0.0,29.9,7.8,88.6,27.7,25.5,44.7,14.9,0.81,29.8,51.1,19.1,-0.5,-0.3%,-5.01,19.0,,12.5,5/H314D,,bridejo01
307,Yordan Alvarez*,28,HOU,AL,121,.277,69,.222,.130,2.5,17.4,13.2,94.0,46.4,25.0,33.3,31.0,0.50,33.3,51.2,15.5,0.4,0.2%,1.73,11.8,100.0,40.0,D/7,,alvaryo01
308,Spencer Horwitz*,27,PIT,NL,121,.300,83,.342,.100,0.8,24.8,8.3,87.5,43.0,30.0,41.3,23.8,0.70,26.3,53.8,20.0,-0.6,0.0%,-3.86,34.2,,57.1,3/H,,horwisp01
309,Tyler Freeman,26,COL,NL,119,.388,136,.337,.111,0.8,7.6,9.2,91.0,45.7,29.0,49.5,19.4,0.98,22.6,55.9,21.5,-0.5,-0.2%,-1.28,33.3,72.7,35.3,9/DH45,,freemty01
310,Justin Turner,40,CHC,NL,119,.259,62,.226,.050,0.8,16.8,10.9,88.4,28.2,24.7,38.8,29.4,0.63,23.5,52.9,23.5,0.0,-0.1%,-2.50,18.2,100.0,50.0,3HD/5,,turneju01
311,Tyler Wade*,30,SDP,NL,119,.275,70,.314,.050,0.0,25.2,11.8,79.0,14.9,23.0,41.9,20.3,0.89,29.7,50.0,20.3,-0.2,-0.1%,-2.05,32.4,33.3,53.8,87H/49561D,,wadety01
312,Jake Bauers*,29,MIL,NL,118,.343,113,.310,.200,4.2,32.2,14.4,90.5,47.6,28.6,28.6,34.9,0.41,31.7,47.6,20.6,0.2,0.2%,6.36,22.9,100.0,33.3,3H7/1D9,,bauerja01
313,José Herrera#,28,ARI,NL,118,.270,60,.258,.074,0.8,23.7,13.6,77.0,20.3,17.6,33.8,29.7,0.60,23.0,54.1,23.0,-0.3,-0.1%,-3.13,30.3,,30.0,2/1,,herrejo04
314,Gio Urshela,33,ATH,AL,116,.295,83,.291,.114,0.0,16.4,7.8,86.0,33.0,29.5,43.2,20.5,0.79,22.7,61.4,15.9,-0.1,-0.1%,-2.32,11.8,,20.0,5/D,,urshegi01
315,Justyn-Henry Malloy,25,DET,AL,115,.302,91,.302,.075,0.9,27.0,16.5,86.4,29.7,26.6,32.8,31.3,0.49,29.7,48.4,21.9,0.2,0.1%,1.60,30.8,,60.0,DH9/7,,malloju02
316,Mike Tauchman*,34,CHW,AL,115,.369,139,.304,.206,3.5,21.7,14.8,91.0,47.2,26.0,41.1,28.8,0.70,42.5,42.5,15.1,0.7,0.1%,5.06,34.2,,22.2,9/DH,,tauchmi01
317,Henry Davis,25,PIT,NL,114,.284,71,.214,.149,3.5,23.7,7.9,85.6,31.6,24.0,24.0,29.3,0.32,30.7,49.3,20.0,-0.7,-0.1%,-3.34,32.0,,44.4,2/H,,davishe01
318,Martín Maldonado,38,SDP,NL,113,.245,42,.267,.117,2.7,35.4,5.3,81.8,28.8,19.4,38.8,25.4,0.74,37.3,44.8,17.9,-1.2,-0.8%,-9.05,18.2,,33.3,2,,maldoma01
319,Yoán Moncada#,30,LAA,AL,113,.358,129,.283,.268,5.3,28.3,11.5,91.8,43.9,24.2,34.8,36.4,0.53,42.4,40.9,16.7,1.2,0.5%,7.67,31.3,,50.0,5/H,,moncayo01
320,Edmundo Sosa,29,PHI,NL,113,.321,96,.338,.115,1.8,20.4,5.3,85.7,34.9,27.7,45.8,20.5,0.86,31.3,50.6,18.1,0.2,0.0%,3.67,29.4,,42.9,45/H678D,,sosaed01
321,Triston Casas*,25,BOS,AL,112,.265,60,.217,.121,2.7,24.1,9.8,87.6,44.4,22.2,38.9,34.7,0.64,31.9,51.4,16.7,-0.6,-0.3%,-1.99,7.1,,0.0,3/H,,casastr01
322,Donovan Solano,37,SEA,AL,112,.298,97,.308,.114,2.7,22.3,4.5,88.0,40.7,25.9,45.7,21.0,0.84,25.9,58.0,16.0,-0.8,-0.5%,-5.52,10.0,,27.3,3H/5,,solando01
323,David Hamilton*,27,BOS,AL,111,.234,27,.222,.114,2.7,27.0,2.7,82.8,24.7,22.1,37.7,27.3,0.66,39.0,45.5,15.6,-0.4,-0.2%,-7.49,55.0,80.0,71.4,4H/65D,,hamilda03
324,Nick Martini*,35,COL,NL,111,.268,52,.265,.069,0.9,16.2,8.1,85.7,31.3,20.2,45.2,27.4,0.83,36.9,41.7,21.4,-1.1,0.0%,-6.12,25.8,,66.7,D9H/7,,martini02
325,Curtis Mead,24,TBR,AL,111,.334,113,.309,.135,2.7,23.4,9.0,90.3,42.0,19.7,40.8,31.0,0.69,22.5,59.2,18.3,-0.6,-0.3%,-3.08,28.6,75.0,55.6,34H/5D,,meadcu01
326,Royce Lewis,26,MIN,AL,110,.274,66,.222,.101,1.8,14.5,10.0,90.8,42.2,16.9,37.3,36.1,0.60,24.1,59.0,16.9,-0.9,-0.4%,-3.60,27.6,,20.0,5/DH,,lewisro02
327,Mark Canha,36,KCR,AL,109,.255,57,.291,.031,0.0,18.3,6.4,86.8,32.9,25.3,35.4,25.3,0.55,25.3,57.0,17.7,-0.9,-0.6%,-8.54,24.2,0.0,37.5,7H9/D3,,canhama01
328,Zach Dezenzo,25,HOU,AL,109,.315,98,.373,.122,1.8,33.9,10.1,89.3,41.0,29.5,36.1,29.5,0.56,29.5,54.1,16.4,0.0,0.0%,-0.86,45.5,100.0,37.5,79/D3H,,dezenza01
329,DJ LeMahieu,36,NYY,AL,109,.305,91,.306,.092,1.8,22.0,10.1,92.4,50.0,23.0,56.8,18.9,1.31,10.8,54.1,35.1,-0.7,-0.5%,-1.02,21.2,,22.2,4/H,,lemahdj01
330,Christian Encarnacion-Strand,25,CIN,NL,108,.246,45,.203,.176,4.6,23.1,1.9,89.6,48.1,19.0,38.0,31.6,0.61,35.4,51.9,12.7,-0.5,-0.4%,-6.33,26.3,0.0,57.1,3/5,,encarch01
331,Sam Haggerty#,31,TEX,AL,108,.362,140,.325,.155,1.9,16.7,9.3,86.4,41.0,36.3,42.5,13.8,0.77,31.3,50.0,18.8,0.2,0.1%,6.62,40.0,71.4,57.1,87H/D94,,haggesa01
332,Hunter Renfroe,33,KCR,AL,108,.217,26,.228,.061,0.0,19.4,7.4,88.5,35.4,13.9,43.0,25.3,0.76,36.7,48.1,15.2,-0.9,-0.5%,-12.10,19.2,,14.3,9/HD,,renfrhu01
333,Dylan Carlson#,26,BAL,AL,107,.315,107,.319,.160,3.7,26.2,5.6,86.9,26.0,30.1,37.0,28.8,0.61,30.1,50.7,19.2,0.1,-0.1%,2.13,21.4,50.0,33.3,7/98H,,carlsdy01
334,Jhonkensy Noel,23,CLE,AL,107,.180,-1,.191,.078,1.9,31.8,2.8,89.1,38.6,12.9,52.9,21.4,1.12,44.3,42.9,12.9,-1.1,-0.8%,-10.74,62.5,,25.0,9H/D,,noeljh01
335,Miguel Rojas,36,LAD,NL,107,.280,73,.253,.129,2.8,14.0,4.7,85.5,24.4,23.0,48.3,23.0,0.98,27.6,52.9,19.5,-1.0,-0.7%,-8.53,30.8,,50.0,46/H51,,rojasmi02
336,Andy Ibáñez,32,DET,AL,106,.279,70,.228,.106,1.9,13.2,6.6,88.5,34.6,24.7,40.7,32.1,0.69,29.6,56.8,13.6,0.3,0.2%,2.40,41.4,100.0,30.0,5H/4D367,,ibanean01
337,Alan Roden*,25,TOR,AL,106,.261,57,.250,.098,0.9,20.8,6.6,84.7,30.1,15.1,57.5,16.4,1.40,43.8,39.7,16.4,-0.6,-0.4%,-6.50,37.9,,50.0,7/9H8,,rodenal01
338,Romy González,28,BOS,AL,104,.375,143,.386,.189,1.9,23.1,6.7,94.5,59.7,25.0,52.8,20.8,1.12,23.6,51.4,25.0,0.3,0.1%,6.23,37.1,60.0,50.0,3H/45D,,gonzaro01
339,Edouard Julien*,26,MIN,AL,104,.263,65,.262,.121,1.9,27.9,10.6,88.7,41.3,28.6,49.2,22.2,0.97,34.9,41.3,23.8,-0.5,-0.2%,-6.85,21.4,0.0,22.2,4/DH6,,julieed01
340,Casey Schmitt,26,SFG,NL,104,.375,147,.361,.176,3.8,25.0,9.6,89.9,48.5,27.3,42.4,22.7,0.76,34.8,42.4,22.7,0.1,0.1%,4.18,20.6,,16.7,35/H46D,,schmica01
341,Lane Thomas,29,CLE,AL,104,.208,15,.210,.043,1.0,30.8,7.7,86.8,27.0,17.5,36.5,28.6,0.58,19.0,57.1,23.8,-1.3,-0.7%,-11.44,18.2,100.0,0.0,8/H9D,,thomala02
342,Nick Fortes,28,MIA,NL,103,.291,74,.266,.128,1.9,13.6,5.8,85.5,41.5,20.7,45.1,22.0,0.86,34.1,52.4,13.4,-0.4,0.0%,-4.43,25.0,,45.5,2/HD,,forteni01
343,Adael Amador#,22,COL,NL,102,.227,24,.190,.079,1.0,24.5,9.8,79.9,22.7,24.2,30.3,30.3,0.49,39.4,40.9,19.7,-1.0,-0.1%,-9.29,8.7,50.0,20.0,4/H,,amadoad01
344,Brayan Rocchio#,24,CLE,AL,102,.197,15,.208,.033,0.0,20.6,4.9,86.1,30.6,27.8,50.0,19.4,1.00,36.1,45.8,18.1,-0.6,-0.4%,-9.39,33.3,50.0,14.3,6/H,,rocchbr01
345,Enmanuel Valdéz*,26,PIT,NL,102,.293,78,.233,.154,2.0,15.7,10.8,89.8,42.7,28.0,34.7,25.3,0.53,40.0,48.0,12.0,-0.8,-0.3%,-2.22,17.9,,37.5,3/4H9,,valdeen01
346,Miguel Amaya,26,CHC,NL,100,.368,141,.324,.226,4.0,22.0,4.0,86.8,34.2,24.7,34.2,32.9,0.53,37.0,53.4,9.6,1.0,0.7%,10.59,37.0,,36.4,2/DH,,amayami01
347,Daulton Varsho*,28,TOR,AL,100,.318,97,.196,.337,8.0,31.0,5.0,88.5,40.6,21.9,28.1,35.9,0.40,35.9,46.9,17.2,0.7,0.4%,2.16,37.5,100.0,50.0,8/DH,,varshda01
348,Vinny Capra,28,2TM,2LG,99,.165,-16,.130,.055,1.0,23.2,3.0,83.8,32.9,18.1,48.6,20.8,1.03,29.2,51.4,19.4,-2.1,-0.6%,-17.13,69.2,100.0,71.4,56H/41D,,capravi01
348,Vinny Capra,28,MIL,NL,59,.154,-21,.077,.056,1.7,25.4,3.4,83.7,32.5,17.1,53.7,17.1,1.22,24.4,63.4,12.2,-1.1,-0.6%,-11.89,83.3,100.0,75.0,5/H46D,,capravi01
348,Vinny Capra,28,CHW,AL,40,.180,-7,.200,.054,0.0,20.0,2.5,84.0,33.3,19.4,41.9,25.8,0.81,35.5,35.5,29.0,-1.0,0.0%,-5.25,57.1,100.0,66.7,/6541HD,,capravi01
349,Rob Refsnyder,34,BOS,AL,98,.417,169,.364,.241,5.1,25.5,12.2,93.1,56.7,28.3,41.7,21.7,0.71,30.0,58.3,11.7,0.9,0.5%,5.34,30.3,100.0,50.0,9H/7D,,refsnro01
350,Max Schuemann,28,ATH,AL,96,.313,95,.266,.101,1.0,15.6,14.6,84.8,27.7,16.9,41.5,29.2,0.73,10.8,53.8,35.4,0.0,0.0%,-3.58,27.3,75.0,72.7,5H46/789,,schuema01
351,Jason Heyward*,35,SDP,NL,95,.221,30,.197,.094,2.1,21.1,6.3,85.1,33.8,11.8,45.6,30.9,0.84,39.7,50.0,10.3,-0.8,-0.5%,-7.84,36.8,0.0,57.1,7/H98,,heywaja01
352,Brandon Lockridge,28,SDP,NL,95,.248,35,.297,.045,0.0,25.3,4.2,84.3,27.3,15.2,59.1,19.7,1.63,18.2,57.6,24.2,-0.3,-0.2%,-4.76,37.5,88.9,50.0,78H/9,,lockrbr01
353,Luke Raley*,30,SEA,AL,95,.348,134,.302,.156,3.2,23.2,10.5,90.3,51.8,23.2,44.6,25.0,0.86,39.3,44.6,16.1,0.0,0.0%,2.92,27.3,66.7,55.6,9/3HD8,,raleylu01
354,Jonatan Clase#,23,TOR,AL,93,.265,53,.263,.107,2.2,26.9,7.5,83.7,40.7,13.3,40.0,33.3,0.75,36.7,51.7,11.7,-0.1,-0.1%,-3.25,26.1,100.0,12.5,7/8HD,,clasejo01
355,Tyler O'Neill,30,BAL,AL,93,.279,74,.245,.138,2.2,29.0,9.7,87.4,38.2,10.9,36.4,41.8,0.57,36.4,49.1,14.5,-0.5,-0.2%,-2.05,29.2,100.0,57.1,9/H7D,,oneilty01
356,Jacob Stallings,35,COL,NL,93,.189,-5,.226,.036,0.0,33.3,5.4,85.2,29.6,24.1,40.7,27.8,0.71,24.1,57.4,18.5,-0.6,-0.2%,-9.71,20.0,,0.0,2/1H,,stallja01
357,Orlando Arcia,30,2TM,NL,92,.243,37,.246,.080,1.1,19.6,4.3,85.3,29.0,20.0,47.1,22.9,0.92,24.3,58.6,17.1,0.1,-0.1%,-6.08,19.0,,25.0,6/435DH,,arciaor01
357,Orlando Arcia,30,ATL,NL,32,.231,34,.261,.032,0.0,25.0,3.1,85.3,26.1,17.4,60.9,4.3,1.75,21.7,52.2,26.1,-0.1,-0.1%,-1.03,14.3,,0.0,6/DH,,arciaor01
357,Orlando Arcia,30,COL,NL,60,.249,39,.239,.105,1.7,16.7,5.0,85.2,30.4,21.3,40.4,31.9,0.68,25.5,61.7,12.8,0.2,0.0%,-5.05,21.4,,50.0,/4365DH,,arciaor01
358,Jeimer Candelario#,31,CIN,NL,91,.186,-1,.137,.100,2.2,31.9,9.9,87.3,28.3,15.1,50.9,28.3,1.04,49.1,28.3,22.6,-0.7,-0.3%,-9.54,6.3,0.0,25.0,5/3D,,candeje01
359,Tim Anderson,32,LAA,AL,90,.225,33,.315,.036,0.0,32.2,3.3,87.5,36.4,16.4,60.0,21.8,1.57,20.0,61.8,18.2,-0.4,-0.2%,-5.88,34.8,50.0,66.7,46/H,,anderti01
360,Evan Carter*,22,TEX,AL,89,.358,130,.262,.192,4.5,14.6,9.0,86.5,33.8,21.5,33.8,35.4,0.51,24.6,66.2,9.2,-0.2,-0.1%,1.83,33.3,85.7,62.5,8/HD,,carteev01
361,Graham Pauley*,24,MIA,NL,89,.243,40,.279,.074,0.0,23.6,6.7,87.9,41.9,24.2,37.1,27.4,0.61,35.5,46.8,17.7,-0.8,-0.3%,-5.59,26.1,,22.2,5/438,,paulegr01
362,Jon Berti,35,CHC,NL,88,.251,46,.274,.024,0.0,22.7,4.5,86.7,36.1,27.4,61.3,9.7,1.58,14.5,46.8,38.7,-0.6,-0.5%,-6.91,52.2,88.9,25.0,5H/49,,bertijo01
363,Denzel Clarke,25,ATH,AL,87,.217,18,.341,.060,1.1,44.8,2.3,88.8,40.0,22.2,48.9,22.2,1.00,26.7,55.6,17.8,-1.4,-0.2%,-11.77,44.4,100.0,27.3,8/H,,clarkde02
364,Cavan Biggio*,30,KCR,AL,83,.261,55,.234,.072,1.2,25.3,13.3,87.0,36.0,24.0,24.0,46.0,0.33,34.0,52.0,14.0,-0.4,-0.2%,-4.62,34.8,100.0,62.5,HD/93745,,biggica01
365,Hyeseong Kim*,26,LAD,NL,83,.439,176,.458,.167,2.4,20.5,4.8,87.7,29.5,26.2,52.5,19.7,1.10,32.8,50.8,16.4,0.7,0.6%,10.12,40.6,100.0,55.6,48/H6,,kimhy02
366,Colton Cowser*,25,BAL,AL,82,.326,110,.233,.276,7.3,32.9,3.7,90.1,46.9,8.2,53.1,32.7,1.18,40.8,40.8,18.4,0.6,0.1%,1.83,12.5,100.0,16.7,7/89,,cowseco01
367,Derek Hill,29,MIA,NL,82,.310,75,.357,.137,2.4,35.4,7.3,85.1,45.7,30.4,45.7,13.0,1.00,19.6,43.5,37.0,0.3,0.1%,-4.93,40.9,100.0,62.5,8/HD,,hillde01
368,Christian Koss,27,SFG,NL,81,.277,73,.300,.041,1.2,27.2,4.9,82.1,35.2,18.5,46.3,18.5,1.04,16.7,53.7,29.6,-0.2,-0.2%,-2.30,30.0,100.0,50.0,4/H561D,,kossch01
369,Connor Wong,29,BOS,AL,81,.219,24,.208,.000,0.0,22.2,11.1,83.9,34.0,20.8,50.9,17.0,1.08,30.2,56.6,13.2,-1.2,-0.7%,-10.81,28.6,100.0,0.0,2/H3D,,wongco01
370,Nick Gonzales,26,PIT,NL,80,.355,127,.361,.173,2.5,16.3,5.0,90.1,41.3,30.2,39.7,28.6,0.66,23.8,49.2,27.0,0.0,0.1%,0.26,23.1,0.0,30.0,4,,gonzani01
371,Robert Hassell III*,23,WSN,NL,79,.234,41,.286,.051,1.3,26.6,1.3,87.2,42.9,22.8,57.9,14.0,1.43,28.1,61.4,10.5,-0.4,-0.1%,-3.22,29.4,100.0,40.0,8/9H,,hassero02
372,Kevin Newman,31,LAA,AL,79,.204,13,.242,.026,0.0,19.0,1.3,86.0,28.6,23.8,46.0,25.4,0.88,20.6,54.0,25.4,-0.7,-0.4%,-6.72,50.0,100.0,50.0,56/43H,,newmake01
373,Garrett Mitchell*,26,MIL,NL,78,.270,60,.318,.088,0.0,32.1,9.0,87.8,42.2,24.4,44.4,20.0,0.87,26.7,48.9,24.4,0.1,0.0%,-1.98,40.9,100.0,42.9,8/H,,mitchga01
374,Wenceel Pérez#,25,DET,AL,78,.417,173,.300,.352,7.7,20.5,5.1,91.8,44.6,21.4,25.0,42.9,0.33,35.7,44.6,19.6,0.7,0.4%,1.76,33.3,100.0,42.9,9/87H,,perezwe01
375,Austin Slater,32,CHW,AL,78,.328,108,.350,.162,2.6,33.3,11.5,92.3,54.8,23.3,48.8,25.6,1.00,44.2,46.5,9.3,-0.4,-0.1%,-0.62,34.8,,33.3,H79/D38,,slateau01
376,Jesse Winker*,31,NYM,NL,78,.318,103,.313,.179,1.3,25.6,11.5,89.3,44.9,22.4,36.7,20.4,0.58,46.9,40.8,12.2,-0.3,-0.3%,-2.45,29.2,100.0,25.0,D/H7,,winkeje01
377,J.C. Escarra*,30,NYY,AL,77,.344,117,.255,.169,2.6,13.0,11.7,90.2,40.4,28.1,43.9,19.3,0.78,45.6,29.8,24.6,-0.1,-0.1%,0.28,12.5,100.0,25.0,2/3H5D,,escarjc01
378,Marcelo Mayer*,22,BOS,AL,77,.279,70,.209,.214,5.2,31.2,7.8,92.4,61.7,12.8,57.4,27.7,1.35,38.3,42.6,19.1,-0.7,-0.3%,-4.46,46.7,,57.1,5/H6,,mayerma01
379,Seth Brown*,32,ATH,AL,76,.267,61,.268,.077,1.3,30.3,11.8,87.2,40.5,23.8,33.3,35.7,0.50,33.3,47.6,19.0,-0.9,-0.4%,-7.89,22.7,100.0,66.7,H7/89D,,brownse01
380,Luis Matos,23,SFG,NL,76,.254,55,.138,.194,5.3,13.2,5.3,87.9,35.5,14.5,48.4,27.4,0.94,29.0,62.9,8.1,-0.6,-0.4%,-5.55,41.7,100.0,33.3,9/87DH,,matoslu02
381,Emmanuel Rivera,29,BAL,AL,76,.282,77,.281,.043,0.0,15.8,7.9,86.8,31.6,26.3,47.4,22.8,0.90,15.8,61.4,22.8,-0.6,0.0%,-5.11,13.0,100.0,33.3,5/3HD1,,riverem01
382,Blake Dunn,26,CIN,NL,75,.271,58,.235,.083,1.3,33.3,10.7,85.2,37.1,22.9,57.1,11.4,1.54,17.1,54.3,28.6,-0.1,-0.1%,-1.28,39.1,50.0,0.0,97/8HD,,dunnbl01
383,Sean Bouchard,29,COL,NL,73,.236,32,.263,.076,1.4,37.0,9.6,86.6,30.8,28.2,38.5,25.6,0.63,28.2,53.8,17.9,-0.5,0.0%,-3.65,35.3,50.0,28.6,9H/D73,,bouchse01
384,Austin Hedges,32,CLE,AL,73,.214,20,.111,.143,4.1,34.2,11.0,86.5,35.0,15.0,27.5,30.0,0.39,32.5,55.0,12.5,-0.8,-0.6%,-8.49,16.7,100.0,50.0,2/1,,hedgeau01
385,Tyler Heineman#,34,TOR,AL,73,.418,167,.436,.167,2.7,15.1,4.1,82.7,27.6,19.0,39.7,22.4,0.72,39.7,44.8,15.5,0.7,0.5%,6.07,50.0,100.0,42.9,2/H,,heinety01
386,Noelvi Marté,23,CIN,NL,73,.388,135,.321,.221,4.1,16.4,6.8,89.2,32.7,16.1,50.0,26.8,1.00,37.5,42.9,19.6,0.0,0.0%,6.45,31.8,80.0,50.0,5/H,,marteno01
387,Leo Rivas#,27,SEA,AL,73,.346,123,.378,.017,0.0,20.5,16.4,83.9,17.8,22.2,46.7,24.4,0.91,31.1,51.1,17.8,-0.2,-0.1%,0.60,46.7,100.0,40.0,4/H6D17,,rivasle01
388,Austin Wynns,34,2TM,2LG,72,.416,164,.364,.294,6.9,26.4,5.6,87.6,42.9,18.4,42.9,32.7,0.78,40.8,42.9,16.3,0.2,0.1%,7.75,20.0,,25.0,2/H3D,,wynnsau01
388,Austin Wynns,34,CIN,NL,43,.485,209,.520,.300,7.0,27.9,7.0,91.8,50.0,21.4,39.3,32.1,0.65,35.7,46.4,17.9,0.2,0.1%,6.69,18.8,,0.0,2/H3D,,wynnsau01
388,Austin Wynns,34,ATH,AL,29,.313,97,.158,.286,6.9,24.1,3.4,82.1,33.3,14.3,47.6,33.3,1.00,47.6,38.1,14.3,0.1,0.0%,1.06,25.0,,50.0,/2H,,wynnsau01
389,Griffin Conine*,27,MIA,NL,71,.355,125,.386,.156,1.4,26.8,9.9,91.6,51.1,31.1,48.9,17.8,0.96,33.3,57.8,8.9,-0.4,-0.3%,0.56,37.5,0.0,28.6,7/9DH,,coningr01
390,DaShawn Keirsey Jr.*,28,MIN,AL,70,.144,-26,.136,.045,1.4,31.4,2.9,86.2,33.3,8.9,51.1,26.7,1.10,28.9,42.2,28.9,-0.5,-0.2%,-9.06,66.7,62.5,14.3,9H78/D,,keirsda01
391,Yohel Pozo,28,STL,NL,70,.328,105,.302,.132,2.9,5.7,1.4,87.8,33.8,30.8,35.4,20.0,0.55,26.2,46.2,27.7,0.2,0.2%,-0.16,25.0,,33.3,2/H3D,,pozoyo01
392,Ben Rortvedt*,27,TBR,AL,70,.164,-10,.122,.016,0.0,20.0,10.0,80.2,18.4,14.3,46.9,18.4,0.96,42.9,30.6,26.5,-0.8,-0.4%,-5.90,15.4,,0.0,2,,rortvbe01
393,Thairo Estrada,29,COL,NL,69,.315,92,.327,.136,1.4,15.9,0.0,87.5,32.1,23.2,51.8,21.4,1.07,26.8,64.3,8.9,-0.2,0.0%,-1.93,25.0,0.0,16.7,4,,estrath01
394,Chris Taylor,34,2TM,2LG,69,.247,52,.316,.123,1.4,37.7,1.4,82.4,28.2,25.6,33.3,28.2,0.52,25.6,61.5,12.8,-0.1,-0.1%,-4.16,56.3,50.0,77.8,7/84H9,,tayloch03
394,Chris Taylor,34,LAD,NL,35,.181,13,.318,.057,0.0,37.1,0.0,76.8,22.7,27.3,36.4,13.6,0.62,22.7,59.1,18.2,-0.2,-0.1%,-4.03,57.1,0.0,50.0,7/8H49,,tayloch03
394,Chris Taylor,34,LAA,AL,34,.315,92,.313,.200,2.9,38.2,2.9,89.8,35.3,23.5,29.4,47.1,0.42,29.4,64.7,5.9,0.1,0.0%,-0.13,55.6,100.0,85.7,/9487,,tayloch03
395,Jacob Amaya,26,CHW,AL,68,.112,-57,.120,.016,0.0,22.1,2.9,84.9,29.4,23.5,45.1,17.6,0.92,15.7,58.8,25.5,-0.5,-0.2%,-9.11,75.0,100.0,50.0,6/H1,,amayaja01
396,Jac Caglianone*,22,KCR,AL,68,.262,59,.224,.141,2.9,19.1,4.4,89.5,47.1,27.5,52.9,11.8,1.13,33.3,56.9,9.8,-0.6,-0.3%,-5.96,6.7,,0.0,9/3D,,caglija01
397,Will Wagner*,26,TOR,AL,68,.269,59,.250,.034,0.0,22.1,11.8,85.5,37.8,22.2,48.9,17.8,1.05,22.2,62.2,15.6,-0.1,-0.1%,-0.54,21.1,100.0,33.3,5/D3H,,wagnewi01
398,Connor Joe,32,2TM,NL,66,.240,41,.279,.069,0.0,25.8,9.1,89.5,35.7,30.2,39.5,23.3,0.65,27.9,41.9,30.2,-0.7,-0.4%,-7.40,11.1,50.0,25.0,9H/73D8,,joeco01
398,Connor Joe,32,SDP,NL,10,.070,-81,.000,.000,0.0,60.0,10.0,93.7,33.3,0.0,33.3,66.7,0.50,0.0,33.3,66.7,-0.3,-0.2%,-1.95,0.0,,100.0,/H378D,,joeco01
398,Connor Joe,32,CIN,NL,56,.270,62,.300,.082,0.0,19.6,8.9,89.1,35.9,32.5,40.0,20.0,0.67,30.0,42.5,27.5,-0.4,-0.2%,-5.45,11.8,50.0,0.0,9/7H3D,,joeco01
399,Jarred Kelenic*,25,ATL,NL,65,.231,40,.229,.133,3.1,35.4,7.7,87.6,37.8,5.4,43.2,35.1,0.80,37.8,51.4,10.8,-0.9,-0.4%,-8.84,38.5,0.0,50.0,9/H7,,kelenja01
400,Jorge Mateo,30,BAL,AL,65,.273,41,.270,.098,1.5,35.4,6.2,88.0,36.8,18.4,39.5,34.2,0.65,15.8,63.2,21.1,-0.8,-0.3%,-4.92,42.9,93.3,100.0,6H/84D517,,mateojo01
401,Parker Meadows*,25,DET,AL,65,.277,67,.200,.172,3.1,24.6,10.8,87.7,31.0,33.3,33.3,21.4,0.54,33.3,54.8,11.9,-0.3,-0.2%,1.69,40.0,100.0,66.7,8,,meadopa01
402,Riley Adams,29,WSN,NL,64,.166,-6,.097,.161,4.7,43.8,1.6,91.4,51.5,11.8,52.9,32.4,1.13,32.4,50.0,17.6,-0.7,-0.2%,-6.41,60.0,,0.0,2/H,,adamsri03
403,Daylen Lile*,22,WSN,NL,64,.268,76,.209,.158,1.6,21.9,6.3,90.3,50.0,25.0,43.2,27.3,0.76,50.0,34.1,15.9,-0.6,-0.1%,-4.16,35.7,33.3,50.0,9/H,,lileda01
404,Cole Young*,21,SEA,AL,64,.246,58,.326,.051,0.0,26.6,4.7,85.5,20.5,20.5,38.6,34.1,0.65,47.7,40.9,11.4,-0.3,-0.2%,-1.12,35.3,,40.0,4,,youngco01
405,Tim Elko,26,CHW,AL,63,.278,69,.167,.224,6.3,38.1,7.9,91.2,50.0,5.9,58.8,26.5,1.43,23.5,52.9,23.5,-0.6,0.0%,-2.76,20.0,100.0,100.0,3/D,,elkoti01
406,Nick Maton*,28,CHW,AL,63,.267,69,.212,.148,3.2,30.2,14.3,89.0,37.1,22.9,20.0,42.9,0.25,37.1,54.3,8.6,-0.4,-0.1%,-2.39,18.8,0.0,100.0,D/H3479,,matonni01
407,Ezequiel Durán,26,TEX,AL,62,.192,17,.211,.071,0.0,30.6,3.2,88.5,47.4,13.2,55.3,23.7,1.24,18.4,50.0,31.6,-0.5,-0.3%,-5.89,30.8,,75.0,6/53D1H47,,duranez01
408,Oscar González,27,SDP,NL,61,.210,25,.283,.017,0.0,21.3,3.3,89.1,45.7,23.9,52.2,21.7,1.09,30.4,50.0,19.6,-1.0,-0.6%,-7.13,13.3,0.0,25.0,7/9HD,,gonzaos01
409,Coby Mayo,23,BAL,AL,61,.245,50,.275,.071,0.0,26.2,8.2,88.1,45.0,20.0,37.5,20.0,0.60,20.0,62.5,17.5,-0.3,-0.1%,-5.19,25.0,100.0,60.0,3/D5H,,mayoco01
410,Gary Sánchez,32,BAL,AL,61,.279,78,.250,.113,3.3,26.2,3.3,93.8,63.2,10.5,47.4,31.6,0.90,42.1,47.4,10.5,0.0,-0.1%,3.96,31.3,,37.5,2/D1H,,sanchga02
411,Garrett Hampson,30,2TM,NL,60,.243,39,.250,.021,0.0,26.7,16.7,79.6,17.6,17.6,35.3,26.5,0.67,20.6,61.8,17.6,-0.5,-0.3%,-5.39,55.6,66.7,41.7,4/H7865D,,hampsga01
411,Garrett Hampson,30,ARI,NL,41,.269,60,.250,.000,0.0,24.4,22.0,77.2,22.7,18.2,31.8,31.8,0.58,13.6,68.2,18.2,-0.3,-0.2%,-3.01,71.4,66.7,50.0,4/H6857,,hampsga01
411,Garrett Hampson,30,CIN,NL,19,.188,-4,.250,.056,0.0,31.6,5.3,84.1,8.3,16.7,41.7,16.7,0.83,33.3,50.0,16.7,-0.2,-0.1%,-2.38,0.0,,0.0,/748H56D,,hampsga01
412,Will Wilson,26,CLE,AL,59,.234,33,.321,.059,0.0,39.0,8.5,82.7,40.0,20.0,36.7,26.7,0.65,16.7,60.0,23.3,-0.3,-0.2%,-3.67,13.3,100.0,33.3,45/H1D,,wilsowi03
413,Sam Huff,27,SFG,NL,58,.265,67,.333,.132,3.4,43.1,6.9,89.3,37.9,27.6,48.3,24.1,0.93,27.6,48.3,24.1,-0.3,-0.2%,-5.73,23.1,,33.3,2,,huffsa01
414,Paul DeJong,31,WSN,NL,57,.245,45,.367,.074,0.0,42.1,3.5,89.2,36.7,33.3,30.0,23.3,0.43,30.0,46.7,23.3,-0.4,-0.2%,-5.80,21.4,100.0,100.0,5/6,,dejonpa01
415,Nick Loftin,26,KCR,AL,57,.278,74,.238,.192,1.8,17.5,7.0,89.6,37.2,27.9,41.9,20.9,0.72,20.9,72.1,7.0,-0.4,-0.2%,-2.13,42.9,50.0,83.3,7/45H,,loftini01
416,Rafael Marchán#,26,PHI,NL,57,.258,51,.184,.102,1.8,17.5,12.3,84.8,20.5,17.9,51.3,23.1,1.05,51.3,35.9,12.8,-0.3,-0.2%,-2.59,26.7,,0.0,2,,marchra01
417,Endy Rodríguez#,25,PIT,NL,57,.220,32,.237,.077,0.0,24.6,8.8,92.2,45.9,23.7,34.2,34.2,0.52,42.1,44.7,13.2,-0.5,-0.2%,-5.11,35.7,0.0,50.0,3/2H,,rodrien01
418,Ryan Ritter,24,COL,NL,56,.264,49,.355,.098,0.0,37.5,3.6,78.8,31.3,31.3,43.8,12.5,0.93,34.4,53.1,12.5,-0.2,0.0%,-1.27,50.0,,100.0,6,,rittery01
419,Ronny Simón#,25,MIA,NL,56,.295,77,.268,.043,0.0,12.5,12.5,85.5,33.3,16.7,50.0,16.7,1.11,31.0,57.1,11.9,-0.2,-0.1%,-1.01,33.3,,50.0,/47D6H,,simonro01
420,Dominic Smith*,30,SFG,NL,56,.352,127,.351,.128,1.8,19.6,12.5,86.1,28.9,21.1,39.5,36.8,0.65,36.8,50.0,13.2,-0.2,-0.1%,1.24,15.0,100.0,0.0,3/H,,smithdo02
421,Otto Kemp,25,PHI,NL,55,.278,75,.371,.060,0.0,27.3,1.8,90.0,42.9,28.6,37.1,31.4,0.62,28.6,45.7,25.7,0.4,0.3%,1.92,44.4,33.3,12.5,3/57,,kempot01
422,Jake Rogers,30,DET,AL,55,.274,71,.243,.083,0.0,20.0,12.7,87.3,29.7,21.6,43.2,21.6,0.76,37.8,45.9,16.2,-0.3,-0.2%,-0.52,37.5,,66.7,2/1,,rogerja03
423,Ronny Mauricio#,24,NYM,NL,54,.261,58,.233,.140,3.7,33.3,5.6,88.2,35.5,18.8,37.5,34.4,0.60,31.3,56.3,12.5,-0.7,-0.5%,-5.78,27.3,100.0,100.0,5/46DH,,mauriro01
424,Jace Jung*,24,DET,AL,53,.189,9,.167,.000,0.0,28.3,13.2,88.5,40.0,23.3,50.0,13.3,1.00,33.3,50.0,16.7,-0.1,-0.1%,-2.78,61.5,,80.0,5/H,,jungja01
425,Chas McCormick,30,HOU,AL,53,.274,86,.379,.047,0.0,26.4,9.4,78.6,28.1,30.3,18.2,24.2,0.27,21.2,57.6,21.2,-0.1,-0.1%,-2.47,35.3,25.0,50.0,97/8HD,,mccorch01
426,Davis Schneider,26,TOR,AL,53,.321,100,.269,.095,1.9,28.3,18.9,87.9,37.0,18.5,29.6,37.0,0.42,29.6,59.3,11.1,-0.8,-0.5%,-4.04,33.3,,83.3,7/4H,,schneda03
427,Nick Sogard#,27,BOS,AL,53,.271,64,.300,.061,0.0,17.0,3.8,88.2,37.5,25.0,47.5,25.0,0.90,45.0,45.0,10.0,-0.5,-0.3%,-4.64,50.0,,37.5,3/5H,,sogarni01
428,Jorbit Vivas*,24,NYY,AL,53,.242,42,.182,.111,1.9,20.8,7.5,86.6,41.2,29.4,44.1,20.6,0.79,29.4,58.8,11.8,0.0,0.0%,-3.42,41.7,,0.0,4/5H,,vivasjo01
429,Sam Hilliard*,31,COL,NL,52,.353,114,.304,.256,3.8,34.6,17.3,92.2,60.0,12.0,44.0,32.0,0.85,28.0,64.0,8.0,0.0,0.0%,0.44,31.3,66.7,75.0,/7H89D,,hillisa01
430,MJ Melendez*,26,KCR,AL,52,.165,-12,.115,.085,1.9,38.5,5.8,90.1,44.4,18.5,33.3,29.6,0.50,48.1,51.9,0.0,-0.7,-0.4%,-6.50,37.5,,0.0,7/9HD,,melenmj01
431,Eric Haase,32,MIL,NL,51,.297,85,.375,.170,3.9,41.2,5.9,83.6,25.9,22.2,44.4,25.9,0.86,29.6,59.3,11.1,-0.2,-0.1%,0.95,33.3,,75.0,2/DH,,haaseer01
432,Dalton Rushing*,24,LAD,NL,51,.311,96,.500,.111,2.0,47.1,11.8,91.2,38.1,33.3,23.8,33.3,0.31,33.3,47.6,19.0,-0.2,-0.1%,0.25,43.8,,66.7,2/H3D,,rushida01
433,Thomas Saggese,23,STL,NL,51,.373,137,.389,.146,2.0,23.5,3.9,91.6,48.6,21.6,45.9,32.4,0.85,21.6,45.9,32.4,0.3,0.2%,5.33,18.8,,11.1,/645DH,,saggeth01
434,Bryan De La Cruz,28,ATL,NL,50,.233,32,.310,.021,0.0,36.0,6.0,91.5,51.7,24.1,37.9,34.5,0.61,27.6,41.4,31.0,-0.4,-0.1%,-4.66,8.3,100.0,25.0,7/H9D,,delacbr01
435,Jack Suwinski*,26,PIT,NL,50,.219,10,.227,.024,0.0,40.0,16.0,88.5,40.9,36.4,27.3,36.4,0.38,31.8,45.5,22.7,-0.7,-0.3%,-6.51,30.8,100.0,66.7,/789DH,,suwinja01
436,Roman Anthony*,21,BOS,AL,49,.276,65,.154,.128,2.0,24.5,18.4,91.3,42.3,11.1,51.9,33.3,1.08,14.8,48.1,37.0,-0.1,0.0%,-0.95,28.6,100.0,20.0,9/DH7,,anthoro01
437,Nasim Nuñez#,24,WSN,NL,49,.262,44,.242,.047,0.0,20.4,10.2,83.8,32.4,20.6,55.9,14.7,1.46,17.6,61.8,20.6,0.5,0.1%,1.05,46.2,87.5,50.0,6/4H8,,nunezna01
438,Travis Jankowski*,34,2TM,AL,49,.262,54,.324,.044,0.0,24.5,6.1,81.7,35.3,20.6,55.9,11.8,1.46,23.5,61.8,14.7,0.0,-0.1%,-2.74,50.0,100.0,42.9,9/H78,,jankotr01
438,Travis Jankowski*,34,CHW,AL,15,.219,28,.273,.000,0.0,20.0,6.7,80.8,18.2,18.2,36.4,27.3,0.67,18.2,54.5,27.3,-0.2,-0.1%,-1.31,25.0,,0.0,/9H8,,jankotr01
438,Travis Jankowski*,34,TBR,AL,34,.281,66,.348,.065,0.0,26.5,5.9,82.1,43.5,21.7,65.2,4.3,2.14,26.1,65.2,8.7,0.2,0.1%,-1.42,60.0,100.0,50.0,/97H,,jankotr01
439,Heriberto Hernández,25,MIA,NL,48,.387,143,.438,.133,2.1,25.0,6.3,90.1,42.4,36.4,33.3,24.2,0.50,27.3,51.5,21.2,0.0,0.0%,-0.08,29.4,,60.0,/79DH,,hernahe01
440,Maverick Handley,27,BAL,AL,47,.104,-57,.125,.000,0.0,38.3,4.3,79.1,34.6,15.4,50.0,23.1,1.18,19.2,61.5,19.2,-0.3,-0.1%,-5.45,33.3,,0.0,2/H,,handlma01
441,Jake McCarthy*,27,ARI,NL,47,.145,-30,.083,.024,0.0,12.8,8.5,82.4,16.7,11.1,47.2,30.6,0.94,41.7,41.7,16.7,-0.4,-0.2%,-5.49,25.0,100.0,33.3,/87HD,,mccarja02
442,Jhonny Pereda,29,ATH,AL,46,.259,57,.259,.050,0.0,28.3,13.0,89.2,48.1,22.2,66.7,11.1,2.00,33.3,48.1,18.5,-0.1,-0.1%,-1.39,23.1,,40.0,2/1H,,peredjh01
443,Víctor Robles,28,SEA,AL,46,.282,75,.316,.068,0.0,15.2,0.0,85.1,18.4,10.5,52.6,31.6,1.11,36.8,47.4,15.8,-0.2,-0.1%,-1.53,23.1,100.0,0.0,9,,roblevi01
444,Kyle Teel*,23,CHW,AL,45,.304,95,.381,.057,0.0,33.3,17.8,88.8,42.9,23.8,28.6,42.9,0.40,28.6,52.4,19.0,-0.1,0.0%,-0.55,17.6,50.0,28.6,2/D7,,teelky01
445,Austin Barnes,35,LAD,NL,44,.228,35,.321,.071,0.0,31.8,2.3,79.5,20.7,31.0,44.8,13.8,0.87,24.1,58.6,17.2,-0.6,-0.4%,-5.45,40.0,,60.0,2/3DH,,barneau01
446,Ryan Kreidler,27,DET,AL,44,.163,-25,.211,.000,0.0,43.2,9.1,83.1,28.6,14.3,38.1,38.1,0.73,28.6,66.7,4.8,-0.5,-0.3%,-3.48,62.5,100.0,60.0,8,,kreidry01
447,Matthew Lugo,24,LAA,AL,43,.336,113,.304,.310,7.0,37.2,0.0,90.1,61.5,23.1,57.7,15.4,1.36,34.6,50.0,15.4,0.0,0.0%,-0.70,37.5,,50.0,8/H79,,lugoma01
448,Kevin Pillar,36,TEX,AL,43,.215,21,.257,.047,0.0,18.6,0.0,86.1,20.0,22.9,42.9,25.7,0.75,37.1,45.7,17.1,-0.4,-0.3%,-2.11,66.7,100.0,66.7,/8H9D7,,pillake01
449,Alan Trejo,29,COL,NL,43,.184,-10,.206,.050,0.0,16.3,2.3,86.3,28.6,11.4,40.0,45.7,0.70,28.6,62.9,8.6,-0.7,0.0%,-7.44,37.5,,100.0,6/1,,trejoal01
450,Jared Young*,29,NYM,NL,43,.263,66,.136,.250,7.0,34.9,4.7,83.2,36.0,20.0,32.0,32.0,0.47,40.0,36.0,24.0,-0.2,-0.2%,-2.39,16.7,,50.0,D/H17,,youngja02
451,Daz Cameron,28,MIL,NL,42,.230,34,.259,.098,2.4,31.0,2.4,91.9,32.1,21.4,32.1,35.7,0.47,25.0,64.3,10.7,-0.4,-0.2%,-3.53,75.0,100.0,50.0,9H/7,,camerda01
452,Dominic Canzone*,27,SEA,AL,42,.438,195,.276,.359,9.5,14.3,7.1,92.7,48.5,21.2,45.5,24.2,0.83,45.5,48.5,6.1,0.2,0.1%,2.54,27.3,100.0,14.3,9/H,,canzodo01
453,Matt Gorski,27,PIT,NL,42,.243,51,.261,.195,4.8,38.1,2.4,85.3,32.0,20.0,44.0,28.0,0.79,28.0,56.0,16.0,-0.4,-0.1%,-4.60,0.0,0.0,0.0,3/H87,,gorskma01
454,Willie MacIver,28,ATH,AL,42,.290,71,.290,.146,2.4,21.4,2.4,85.3,34.4,21.9,40.6,28.1,0.68,15.6,50.0,34.4,0.0,0.0%,-0.40,20.0,100.0,25.0,2/1,,macivwi01
455,Reese McGuire*,30,CHC,NL,42,.370,143,.231,.333,9.5,21.4,4.8,84.4,38.7,16.1,35.5,35.5,0.61,45.2,48.4,6.5,0.2,0.2%,0.45,37.5,,33.3,2,,mcguire01
456,Weston Wilson,30,PHI,NL,42,.299,81,.273,.083,2.4,31.0,14.3,87.1,34.8,34.8,30.4,26.1,0.44,39.1,39.1,21.7,-0.2,-0.1%,0.47,16.7,,66.7,7/H13D,,wilsowe01
457,Luken Baker,28,STL,NL,41,.319,98,.333,.088,0.0,24.4,17.1,94.5,54.2,20.8,37.5,20.8,0.60,33.3,45.8,20.8,-0.3,-0.2%,-2.31,20.0,,57.1,DH/3,,bakerlu01
458,Kris Bryant,33,COL,NL,41,.184,-8,.231,.051,0.0,31.7,4.9,90.8,34.6,30.8,38.5,30.8,0.63,38.5,42.3,19.2,-0.6,-0.3%,-7.33,25.0,,,D/H,,bryankr01
459,Oliver Dunn*,27,MIL,NL,41,.197,5,.231,.056,0.0,26.8,4.9,80.7,32.1,28.6,42.9,14.3,1.00,28.6,50.0,21.4,-0.3,-0.1%,-2.52,50.0,100.0,40.0,5/3H,,dunnol01
460,Alejandro Osuna*,22,TEX,AL,41,.204,43,.217,.000,0.0,26.8,14.6,83.8,30.4,34.8,39.1,17.4,0.69,17.4,65.2,17.4,-0.3,-0.1%,-2.41,8.3,0.0,33.3,7/D9H,,osunaal02
461,Yuli Gurriel,41,SDP,NL,40,.169,-10,.143,.028,0.0,20.0,10.0,85.1,18.5,10.7,39.3,28.6,0.65,32.1,64.3,3.6,-0.4,-0.3%,-4.44,25.0,,100.0,D/H3,,gourryu01
462,Ryan Bliss,25,SEA,AL,39,.255,76,.261,.114,2.6,28.2,10.3,89.0,33.3,16.7,50.0,33.3,1.00,29.2,45.8,25.0,-0.3,-0.2%,-1.95,0.0,50.0,0.0,4,,blissry01
463,Mickey Gasper#,29,MIN,AL,39,.254,52,.240,.029,0.0,23.1,10.3,88.2,28.0,16.0,48.0,28.0,0.92,20.0,52.0,28.0,-0.5,-0.3%,-1.89,45.5,,50.0,/DH3427,,gaspemi01
464,John Rave*,27,KCR,AL,39,.230,33,.292,.088,0.0,28.2,5.1,84.1,42.3,15.4,46.2,26.9,1.00,23.1,61.5,15.4,-0.4,-0.2%,-2.52,22.2,66.7,0.0,9/H78,,ravejo01
465,Dustin Harris*,25,TEX,AL,38,.262,73,.261,.143,2.6,28.9,7.9,86.5,25.0,25.0,33.3,29.2,0.50,29.2,41.7,29.2,-0.4,-0.2%,-3.22,33.3,50.0,50.0,/78H9D,,harridu01
466,David Fry,29,CLE,AL,37,.241,39,.250,.121,2.7,43.2,8.1,91.0,52.9,23.5,29.4,35.3,0.42,23.5,52.9,23.5,-0.6,-0.3%,-4.73,25.0,100.0,100.0,D/H,,fryda01
467,Tomás Nido,31,DET,AL,37,.316,102,.480,.000,0.0,27.0,0.0,84.5,34.6,34.6,42.3,15.4,0.79,23.1,46.2,30.8,-0.1,0.0%,-3.58,30.8,,25.0,2/1,,nidoto01
468,Zac Veen*,23,COL,NL,37,.183,-3,.158,.118,2.7,37.8,5.4,85.9,30.0,10.0,40.0,35.0,0.80,35.0,50.0,15.0,-0.3,-0.1%,-4.47,0.0,50.0,0.0,/79H,,veenza01
469,Stuart Fairchild,29,ATL,NL,36,.260,56,.250,.091,0.0,25.0,8.3,76.2,25.0,4.2,33.3,29.2,0.67,33.3,45.8,20.8,-0.5,-0.2%,-2.58,77.8,66.7,83.3,H9/D,,faircst01
470,José Miranda,27,MIN,AL,36,.179,-4,.227,.083,2.8,36.1,0.0,88.5,43.5,17.4,56.5,26.1,1.30,26.1,65.2,8.7,-0.3,-0.2%,-4.31,20.0,,,5/H,,miranjo01
471,Christian Moore,22,LAA,AL,36,.217,24,.200,.156,2.8,33.3,5.6,80.1,27.3,22.7,36.4,36.4,0.62,9.1,72.7,18.2,-0.2,-0.1%,-3.49,33.3,,,4/H,,moorech03
472,Brady House,22,WSN,NL,35,.271,60,.296,.031,0.0,17.1,5.7,88.1,37.0,37.0,37.0,25.9,0.59,33.3,44.4,22.2,-0.4,0.0%,-2.52,0.0,100.0,33.3,/5,,housebr01
473,Pablo Reyes,31,NYY,AL,34,.223,23,.286,.032,0.0,29.4,5.9,84.8,33.3,22.7,45.5,13.6,0.91,13.6,54.5,31.8,-0.3,-0.3%,-1.72,50.0,100.0,25.0,H/94517D,,reyespa01
474,Vidal Bruján#,27,CHC,NL,32,.182,9,.217,.065,0.0,25.0,3.1,85.6,43.5,21.7,39.1,30.4,0.64,34.8,43.5,21.7,0.0,0.0%,-3.32,83.3,66.7,80.0,H/5D47896,,brujavi01
475,Jose Barrero,27,STL,NL,31,.211,21,.158,.138,3.2,29.0,3.2,83.6,20.0,20.0,25.0,35.0,0.33,35.0,40.0,25.0,-0.3,-0.2%,-3.64,60.0,,50.0,/H48695,,garcijo02
476,Korey Lee,26,CHW,AL,31,.347,123,.304,.107,0.0,16.1,6.5,81.6,25.0,20.8,45.8,16.7,0.92,25.0,54.2,20.8,0.0,0.0%,-0.35,77.8,,0.0,2/HD,,leeko01
477,Jacob Melton*,24,HOU,AL,31,.287,61,.412,.069,0.0,38.7,6.5,91.5,58.8,11.8,88.2,0.0,7.50,29.4,52.9,17.6,-0.1,-0.1%,1.89,33.3,100.0,100.0,/789H,,meltoja01
478,Andruw Monasterio,28,MIL,NL,31,.278,72,.263,.077,0.0,22.6,16.1,85.3,21.1,31.6,42.1,15.8,0.73,26.3,52.6,21.1,-0.1,-0.1%,-2.21,40.0,,66.7,6/3H54,,monasan01
479,Johnathan Rodríguez,25,CLE,AL,30,.249,50,.278,.138,0.0,36.7,3.3,89.0,55.6,22.2,61.1,11.1,1.57,33.3,50.0,16.7,0.0,0.0%,-2.20,50.0,,0.0,/9H7D,,rodrijo10
480,Hayden Senger,28,NYM,NL,30,.182,9,.263,.034,0.0,33.3,3.3,81.5,36.8,36.8,36.8,10.5,0.64,10.5,63.2,26.3,-0.4,-0.2%,-3.46,50.0,,100.0,2/H,,sengeha01
481,Aaron Schunk,27,COL,NL,29,.206,5,.300,.036,0.0,27.6,0.0,83.2,23.8,38.1,19.0,28.6,0.25,4.8,71.4,23.8,-0.5,0.0%,-5.96,16.7,,0.0,/65H4D,,schunaa01
482,Ildemaro Vargas#,33,ARI,NL,28,.324,101,.350,.179,3.6,25.0,0.0,88.9,47.6,19.0,47.6,19.0,1.00,33.3,47.6,19.0,0.0,0.0%,0.03,57.1,,100.0,/45H6D,,vargail01
483,Nicky Lopez*,30,2TM,2LG,28,.128,-32,.050,.000,0.0,14.3,14.3,84.8,40.0,15.0,70.0,5.0,2.33,35.0,50.0,15.0,0.0,0.0%,-2.79,40.0,,50.0,5/6H147D,,lopezni01
483,Nicky Lopez*,30,LAA,AL,6,.000,-133,.000,.000,0.0,16.7,0.0,76.6,20.0,0.0,60.0,0.0,1.50,60.0,20.0,20.0,-0.1,-0.1%,-1.01,,,,/5167,,lopezni01
483,Nicky Lopez*,30,CHC,NL,22,.164,-5,.067,.000,0.0,13.6,18.2,87.6,46.7,20.0,73.3,6.7,2.75,26.7,60.0,13.3,0.1,0.1%,-1.78,40.0,,50.0,5/H64D,,lopezni01
484,James Outman*,28,LAD,NL,27,.262,61,.111,.250,7.4,48.1,11.1,90.3,36.4,9.1,27.3,54.5,0.38,27.3,63.6,9.1,-0.3,-0.3%,1.25,75.0,,20.0,/89H,,outmaja01
485,Braxton Fulford,26,COL,NL,26,.306,80,.385,.208,3.8,42.3,3.8,85.6,42.9,21.4,35.7,35.7,0.56,14.3,78.6,7.1,-0.1,0.0%,2.12,50.0,,0.0,/2H,,fulfobr01
486,Luke Keaschall,22,MIN,AL,26,.518,211,.412,.158,0.0,7.7,19.2,90.8,41.2,23.5,35.3,35.3,0.55,35.3,41.2,23.5,0.3,0.1%,3.96,28.6,100.0,,/D4,,keasclu01
487,Jonny DeLuca,26,TBR,AL,25,.465,183,.526,.087,0.0,16.0,8.0,82.5,10.5,15.8,47.4,26.3,0.90,42.1,52.6,5.3,0.2,0.1%,2.50,33.3,100.0,,/8DH,,delucjo01
488,Jahmai Jones,27,DET,AL,25,.536,263,.467,.409,8.0,20.0,12.0,94.3,70.6,23.5,35.3,35.3,0.55,58.8,35.3,5.9,0.1,0.1%,3.89,20.0,,80.0,/HD94,,jonesja08
489,Andrew Knizner,30,SFG,NL,25,.219,34,.053,.125,4.0,16.0,4.0,87.5,15.0,5.0,55.0,25.0,1.22,15.0,60.0,25.0,-0.2,-0.1%,-1.18,100.0,,,/2,,kniznan01
490,Ryan Noda*,29,CHW,AL,25,.266,62,.167,.158,4.0,48.0,24.0,84.6,28.6,14.3,28.6,28.6,0.40,42.9,14.3,42.9,-0.1,0.0%,-1.54,0.0,,50.0,/3D,,nodary01
491,Giancarlo Stanton,35,NYY,AL,25,.320,102,.500,.043,0.0,36.0,8.0,97.3,78.6,7.1,71.4,21.4,2.50,50.0,42.9,7.1,-0.2,-0.2%,-3.10,0.0,,0.0,/DH,,stantmi03
492,Michael Stefanic,29,TOR,AL,25,.222,28,.211,.000,0.0,12.0,12.0,90.7,42.1,21.1,47.4,21.1,0.90,31.6,57.9,10.5,-0.4,-0.2%,-2.88,14.3,,0.0,/4H16,,stefami01
493,David Villar,28,SFG,NL,25,.296,89,.267,.050,0.0,20.0,16.0,81.6,26.7,26.7,53.3,13.3,1.14,20.0,40.0,40.0,0.0,0.0%,-2.05,44.4,,33.3,/3H5D,,villada01
494,Luis Campusano,26,SDP,NL,24,.174,-6,.000,.000,0.0,37.5,25.0,89.0,33.3,0.0,88.9,11.1,8.00,44.4,55.6,0.0,-0.5,-0.3%,-4.66,0.0,,50.0,/DH,,campulu01
495,Logan Davidson#,27,ATH,AL,24,.218,24,.375,.050,0.0,50.0,12.5,77.4,33.3,11.1,44.4,22.2,1.00,33.3,44.4,22.2,-0.1,0.0%,-1.81,16.7,,,/35H4,,davidlo01
496,Jose Siri,29,NYM,NL,24,.189,-1,.083,.050,0.0,33.3,16.7,81.1,16.7,8.3,25.0,58.3,0.33,0.0,58.3,41.7,0.0,0.0%,-1.85,100.0,100.0,50.0,/8H,,sirijo01
497,Daniel Johnson*,29,SFG,NL,23,.294,80,.231,.190,4.3,30.4,8.7,81.3,28.6,7.1,42.9,28.6,0.75,21.4,64.3,14.3,-0.1,-0.1%,-0.75,60.0,100.0,0.0,/H879,,johnsda07
498,Jerar Encarnación,27,SFG,NL,22,.146,-26,.188,.045,0.0,27.3,0.0,89.4,56.3,31.3,50.0,18.8,1.00,25.0,50.0,25.0,-0.8,-0.6%,-5.71,33.3,100.0,100.0,/9H37,,encarje01
499,Scott Kingery,31,LAA,AL,22,.177,-12,.231,.048,0.0,36.4,4.5,81.6,30.8,0.0,53.8,30.8,1.40,38.5,53.8,7.7,-0.2,-0.1%,-2.84,50.0,100.0,100.0,/4H89,,kingesc01
500,Jordan Lawlar,22,ARI,NL,22,.095,-63,.000,.000,0.0,40.9,13.6,80.7,30.0,0.0,60.0,20.0,2.00,60.0,40.0,0.0,-0.3,-0.1%,-3.12,33.3,,50.0,/4H56D,,lawlajo01
501,Bobby Dalbec,30,CHW,AL,21,.281,74,.333,.056,0.0,28.6,14.3,84.6,27.3,16.7,41.7,25.0,0.71,16.7,75.0,8.3,-0.1,0.0%,0.53,28.6,,50.0,/36H5,,dalbebo01
502,Keston Hiura,28,COL,NL,21,.293,71,.364,.056,0.0,33.3,0.0,81.1,18.2,36.4,27.3,18.2,0.38,36.4,45.5,18.2,0.0,0.0%,-0.10,42.9,,0.0,/3,,hiurake01
503,José Azócar,29,2TM,NL,21,.289,76,.278,.000,0.0,4.8,9.5,82.9,27.8,38.9,38.9,11.1,0.70,11.1,83.3,5.6,-0.2,-0.1%,-2.36,71.4,100.0,100.0,/H978D,,azocajo01
503,José Azócar,29,NYM,NL,20,.303,86,.294,.000,0.0,5.0,10.0,82.9,29.4,41.2,41.2,5.9,0.78,11.8,82.4,5.9,-0.2,-0.1%,-2.12,71.4,100.0,100.0,/H789,,azocajo01
503,José Azócar,29,ATL,NL,1,.000,-136,.000,.000,0.0,0.0,0.0,83.2,0.0,0.0,0.0,100.0,0.00,0.0,100.0,0.0,0.0,0.0%,-0.24,,,,/H9D,,azocajo01
504,Rece Hinds,24,CIN,NL,20,.302,78,.143,.368,10.0,50.0,5.0,91.9,55.6,0.0,44.4,44.4,0.80,33.3,55.6,11.1,-0.1,0.0%,-1.72,0.0,,0.0,/9,,hindsre01
505,Manuel Margot,30,DET,AL,20,.264,63,.429,.000,0.0,30.0,0.0,80.0,15.4,42.9,35.7,14.3,0.56,21.4,42.9,35.7,0.4,0.2%,1.62,16.7,,50.0,/9H,,margoma01
506,Cooper Hummel#,30,2TM,AL,20,.302,90,.200,.200,5.0,45.0,15.0,84.1,28.6,14.3,28.6,28.6,0.50,28.6,57.1,14.3,-0.3,-0.2%,-0.81,20.0,,0.0,/7H9D,,hummeco01
506,Cooper Hummel#,30,BAL,AL,1,.000,-127,,.000,0.0,100.0,0.0,,,,,,,,,,0.0,0.0%,-0.27,,,,/9,,hummeco01
506,Cooper Hummel#,30,HOU,AL,19,.318,102,.200,.214,5.3,42.1,15.8,84.1,28.6,14.3,28.6,28.6,0.50,28.6,57.1,14.3,-0.3,-0.2%,-0.54,20.0,,0.0,/7HD,,hummeco01
507,Michael Siani*,25,STL,NL,19,.264,59,.400,.000,0.0,36.8,10.5,74.5,22.2,30.0,40.0,10.0,0.80,30.0,60.0,10.0,0.0,0.0%,-0.84,66.7,,60.0,8/H,,sianimi01
508,Akil Baddoo*,26,DET,AL,18,.171,-14,.167,.059,0.0,27.8,5.6,90.3,41.7,41.7,41.7,8.3,0.71,33.3,50.0,16.7,-0.4,-0.3%,-2.01,0.0,100.0,,/798H,,baddoak01
509,Moisés Ballesteros*,21,CHC,NL,18,.223,37,.200,.000,0.0,5.6,11.1,89.0,33.3,20.0,66.7,13.3,2.00,40.0,40.0,20.0,-0.2,-0.2%,-0.57,60.0,,33.3,/D,,ballemo01
510,Blake Sabol*,27,BOS,AL,18,.158,-18,.200,.063,0.0,38.9,5.6,87.8,40.0,10.0,70.0,20.0,2.33,40.0,50.0,10.0,-0.4,-0.3%,-3.99,66.7,,66.7,/2DH,,sabolbl01
511,Drew Avans*,29,2TM,2LG,18,.113,-59,.167,.000,0.0,33.3,0.0,84.7,18.2,16.7,66.7,8.3,2.00,33.3,50.0,16.7,-0.4,-0.1%,-4.20,50.0,100.0,0.0,/789H,,avansdr01
511,Drew Avans*,29,ATH,AL,15,.136,-45,.200,.000,0.0,33.3,0.0,83.2,10.0,10.0,70.0,10.0,2.33,30.0,50.0,20.0,-0.3,-0.1%,-3.62,50.0,100.0,0.0,/789H,,avansdr01
511,Drew Avans*,29,MIL,NL,3,.000,-126,.000,.000,0.0,33.3,0.0,99.0,100.0,50.0,50.0,0.0,1.00,50.0,50.0,0.0,0.0,0.0%,-0.58,,,,/7,,avansdr01
512,CJ Alexander*,28,ATH,AL,17,.158,-16,.333,.000,0.0,47.1,0.0,81.7,11.1,33.3,22.2,22.2,0.29,55.6,33.3,11.1,-0.2,0.0%,-3.60,0.0,,,/35H79,,alexacj01
513,Gustavo Campero#,27,LAA,AL,17,.248,39,.231,.000,0.0,11.8,11.8,82.8,15.4,30.8,38.5,23.1,0.63,15.4,53.8,30.8,0.0,0.0%,-1.69,20.0,100.0,100.0,/97H,,campegu01
514,Luis Guillorme*,30,HOU,AL,17,.146,-24,.222,.000,0.0,41.2,5.9,87.4,22.2,22.2,66.7,0.0,2.00,22.2,66.7,11.1,-0.3,-0.2%,-4.04,33.3,,100.0,/54H,,guilllu01
515,Owen Miller,28,COL,NL,17,.246,27,.200,.000,0.0,23.5,11.8,76.7,22.2,10.0,70.0,20.0,2.33,30.0,60.0,10.0,0.0,0.0%,0.10,0.0,100.0,100.0,/4H5D,,milleow01
516,Gage Workman*,25,2TM,2LG,17,.230,32,.333,.063,0.0,41.2,5.9,89.8,33.3,11.1,55.6,33.3,1.25,22.2,66.7,11.1,-0.3,-0.1%,-1.86,0.0,100.0,33.3,/56HD,,workmga01
516,Gage Workman*,25,CHC,NL,15,.261,53,.375,.071,0.0,40.0,6.7,89.3,37.5,12.5,62.5,25.0,1.67,25.0,75.0,0.0,-0.2,-0.1%,-0.81,0.0,100.0,33.3,/56DH,,workmga01
516,Gage Workman*,25,CHW,AL,2,.000,-132,.000,.000,0.0,50.0,0.0,94.0,0.0,0.0,0.0,100.0,0.00,0.0,0.0,100.0,-0.1,0.0%,-1.05,,,,/56H,,workmga01
517,Jorge Barrosa#,24,ARI,NL,16,.214,22,.273,.133,0.0,31.3,0.0,82.8,27.3,36.4,27.3,27.3,0.43,18.2,72.7,9.1,0.0,0.0%,-0.24,33.3,,100.0,/87DH,,barrojo01
518,Tirso Ornelas*,25,SDP,NL,16,.144,-28,.083,.000,0.0,12.5,12.5,90.5,41.7,8.3,41.7,33.3,0.71,25.0,66.7,8.3,-0.3,-0.2%,-3.07,0.0,,,/7H8D,,ornelti01
519,Jurickson Profar#,32,ATL,NL,16,.213,22,.250,.000,0.0,18.8,6.3,83.9,18.2,8.3,58.3,25.0,1.40,33.3,50.0,16.7,-0.2,-0.1%,-1.57,50.0,,,/7,,profaju01
520,Tucker Barnhart*,34,TEX,AL,15,.273,76,.333,.000,0.0,26.7,6.7,85.4,11.1,22.2,55.6,11.1,1.25,55.6,44.4,0.0,-0.2,-0.1%,-2.89,0.0,,0.0,/21,,barnhtu01
521,Jacob Hurtubise*,27,CIN,NL,15,.204,8,.167,.000,0.0,40.0,6.7,89.3,16.7,16.7,66.7,16.7,2.00,66.7,16.7,16.7,0.0,0.0%,-0.82,75.0,,100.0,/H79,,hurtuja01
522,Ryan Vilade,26,STL,NL,15,.153,-21,.125,.000,0.0,33.3,13.3,96.6,75.0,12.5,75.0,12.5,3.00,0.0,87.5,12.5,-0.2,-0.1%,-1.49,33.3,,100.0,/9H7D,,viladry01
523,Luke Williams,28,ATL,NL,15,.242,8,.182,.071,0.0,20.0,0.0,80.0,9.1,27.3,45.5,18.2,0.83,18.2,54.5,27.3,0.0,0.0%,-1.61,100.0,100.0,0.0,6H/D1,,willilu01
524,Chadwick Tromp,30,2TM,2LG,14,.139,-28,.143,.077,0.0,42.9,7.1,88.0,16.7,14.3,42.9,14.3,0.75,28.6,42.9,28.6,-0.3,-0.1%,-3.64,50.0,,0.0,/2,,trompch01
524,Chadwick Tromp,30,ATL,NL,6,.116,-49,.000,.000,0.0,33.3,16.7,89.2,33.3,0.0,66.7,0.0,2.00,33.3,66.7,0.0,-0.1,-0.1%,-1.14,0.0,,0.0,/2,,trompch01
524,Chadwick Tromp,30,BAL,AL,8,.156,-13,.250,.125,0.0,50.0,0.0,86.8,0.0,25.0,25.0,25.0,0.33,25.0,25.0,50.0,-0.2,0.0%,-2.49,100.0,,,/2,,trompch01
525,Will Brennan*,27,CLE,AL,13,.132,-8,.100,.000,0.0,7.7,7.7,82.2,30.0,0.0,60.0,20.0,1.50,40.0,50.0,10.0,-0.3,-0.2%,-2.71,0.0,0.0,,/98H,,brennwi02
526,Blaine Crim,28,TEX,AL,13,.108,-44,.000,.000,0.0,46.2,7.7,85.8,20.0,0.0,60.0,20.0,1.50,20.0,40.0,40.0,-0.2,-0.1%,-2.29,50.0,,0.0,/3DH,,crimbl01
527,Ji Hwan Bae*,25,PIT,NL,12,.167,-41,.167,.000,0.0,41.7,8.3,81.0,16.7,0.0,16.7,50.0,0.25,0.0,50.0,50.0,-0.3,-0.1%,-2.38,150.0,100.0,,/8H7D,,baeji01
528,Andrés Chaparro,26,WSN,NL,12,.163,-8,.125,.091,0.0,25.0,8.3,85.4,37.5,12.5,50.0,37.5,1.00,25.0,62.5,12.5,-0.3,-0.1%,-1.81,0.0,,,/D3H,,chapaan01
529,Will Robertson*,27,TOR,AL,12,.192,6,.333,.000,0.0,58.3,8.3,92.9,66.7,33.3,33.3,0.0,0.50,100.0,0.0,0.0,-0.2,-0.1%,-1.20,0.0,,100.0,/789,,roberwi02
530,Brett Wisely*,26,SFG,NL,12,-0.050,-165,.000,.000,0.0,25.0,0.0,72.3,22.2,0.0,22.2,22.2,0.40,22.2,55.6,22.2,-0.2,-0.1%,-2.02,,0.0,,/4HD,,wiselbr01
531,Ali Sánchez,28,TOR,AL,11,.186,2,.250,.091,0.0,27.3,0.0,81.2,25.0,12.5,75.0,0.0,3.00,37.5,50.0,12.5,-0.2,-0.1%,-1.57,0.0,,,/23H,,sanchal04
532,Nick Solak,30,PIT,NL,11,.073,-79,.111,.000,0.0,18.2,0.0,82.6,33.3,11.1,66.7,22.2,2.00,0.0,77.8,22.2,-0.1,0.0%,-1.39,0.0,,,/347H,,solakni01
533,Matt Vierling,28,DET,AL,11,.163,-11,.200,.000,0.0,9.1,0.0,92.1,30.0,10.0,20.0,70.0,0.25,0.0,40.0,60.0,-0.1,-0.1%,-0.87,0.0,,,/87H,,vierlma01
534,Nick Ahmed,35,TEX,AL,10,.184,-8,.000,.000,0.0,30.0,10.0,83.4,16.7,0.0,66.7,16.7,2.00,50.0,33.3,16.7,-0.3,-0.2%,-2.28,100.0,100.0,100.0,/6,,ahmedni01
535,Bryce Johnson#,29,SDP,NL,10,.495,206,.571,.111,0.0,20.0,0.0,83.5,28.6,28.6,42.9,28.6,0.75,42.9,28.6,28.6,0.1,0.1%,0.91,20.0,100.0,,/87,,johnsbr03
536,Luke Maile,34,KCR,AL,10,.522,250,.333,.375,10.0,10.0,20.0,96.3,50.0,28.6,28.6,42.9,0.40,28.6,57.1,14.3,0.1,0.1%,1.48,25.0,,,/2,,mailelu01
537,Víctor Mesa Jr.*,23,MIA,NL,10,.256,43,.167,.000,0.0,10.0,20.0,83.2,28.6,14.3,14.3,57.1,0.20,42.9,42.9,14.3,-0.2,0.0%,-0.61,33.3,,0.0,/8,,mesavi01
538,Coco Montes,28,TBR,AL,10,.179,1,.286,.000,0.0,30.0,0.0,90.2,42.9,28.6,71.4,0.0,2.50,28.6,42.9,28.6,-0.1,0.0%,-0.54,0.0,,,/457,,monteco01
539,Omar Narváez*,33,CHW,AL,10,.307,93,.286,.000,0.0,10.0,20.0,87.2,14.3,14.3,42.9,42.9,0.75,42.9,57.1,0.0,0.0,0.0%,1.52,25.0,,100.0,/2,,narvaom01
540,Liover Peguero,24,PIT,NL,10,.254,50,.333,.000,0.0,30.0,0.0,92.0,66.7,0.0,66.7,16.7,2.00,33.3,50.0,16.7,-0.3,-0.1%,-1.21,0.0,,,/46,,pegueli01
541,Rhylan Thomas*,25,SEA,AL,10,.284,87,.111,.125,0.0,0.0,10.0,83.7,33.3,0.0,55.6,44.4,1.25,22.2,44.4,33.3,0.0,0.0%,0.11,100.0,,50.0,/97,,thomarh01
542,Trenton Brooks*,29,SDP,NL,9,.367,131,1.000,.444,11.1,77.8,0.0,102.4,100.0,50.0,0.0,50.0,0.00,50.0,50.0,0.0,-0.1,-0.1%,-0.47,100.0,,50.0,/HD7,,brooktr01
543,J.D. Davis,32,LAA,AL,9,.100,-61,.167,.000,0.0,33.3,0.0,85.7,33.3,16.7,66.7,0.0,2.00,33.3,33.3,33.3,-0.2,-0.1%,-1.91,0.0,,,/3H5,,davisjd01
544,Logan Porter,29,SFG,NL,9,.259,63,.200,.000,0.0,22.2,11.1,89.4,0.0,0.0,60.0,20.0,1.50,20.0,60.0,20.0,-0.1,-0.1%,-1.11,66.7,,50.0,/21,,portelo01
545,Brett Sullivan*,31,PIT,NL,9,.259,54,.250,.000,0.0,33.3,11.1,98.0,100.0,25.0,25.0,50.0,0.33,50.0,50.0,0.0,0.0,0.0%,0.58,33.3,,100.0,/2,,sullibr01
546,Samad Taylor,26,SEA,AL,9,.100,-67,.143,.000,0.0,11.1,0.0,68.0,12.5,25.0,37.5,12.5,1.00,25.0,25.0,50.0,-0.1,-0.1%,-1.69,100.0,,100.0,/98H,,taylosa04
547,Shay Whitcomb,26,HOU,AL,9,.000,-132,.000,.000,0.0,55.6,0.0,87.8,25.0,25.0,50.0,25.0,1.00,0.0,100.0,0.0,-0.1,-0.1%,-2.10,,,,/4H57D,,whitcsh01
548,Jack Winkler,26,MIA,NL,9,.100,-62,.200,.000,0.0,44.4,0.0,88.8,40.0,20.0,60.0,20.0,1.50,60.0,40.0,0.0,-0.1,0.0%,-1.78,0.0,,,/346H,,winklja01
549,Dairon Blanco,32,KCR,AL,8,.319,145,.250,.167,0.0,25.0,0.0,64.2,0.0,16.7,16.7,16.7,0.33,16.7,16.7,66.7,-0.1,-0.1%,-0.59,200.0,60.0,50.0,/H78,,blancda02
550,Cal Stevenson*,28,PHI,NL,8,.214,20,.333,.000,0.0,25.0,0.0,86.8,16.7,16.7,50.0,33.3,1.00,33.3,33.3,33.3,0.0,0.0%,-1.31,0.0,,,/8H,,steveca01
551,Tyler Tolbert,27,KCR,AL,8,.361,-45,.200,.000,0.0,37.5,0.0,83.9,20.0,20.0,60.0,20.0,1.50,20.0,60.0,20.0,0.0,0.0%,0.05,300.0,100.0,50.0,H/7849D5,,tolbety01
552,Eddie Rosario*,33,2TM,NL,8,.113,-49,.167,.000,0.0,25.0,0.0,87.3,66.7,33.3,33.3,33.3,0.50,33.3,50.0,16.7,-0.3,-0.1%,-1.41,100.0,,100.0,/DH9,,rosared01
552,Eddie Rosario*,33,LAD,NL,4,.226,36,.250,.000,0.0,0.0,0.0,99.8,100.0,50.0,0.0,50.0,0.00,0.0,75.0,25.0,0.0,0.0%,-0.44,0.0,,,/D,,rosared01
552,Eddie Rosario*,33,ATL,NL,4,.000,-133,.000,.000,0.0,50.0,0.0,62.4,0.0,0.0,100.0,0.0,,100.0,0.0,0.0,-0.2,-0.1%,-0.98,,,100.0,/H9,,rosared01
553,Rob Brantly*,35,MIA,NL,7,.374,134,.500,.000,0.0,14.3,0.0,79.6,16.7,33.3,0.0,50.0,0.00,0.0,50.0,50.0,0.0,0.0%,0.28,0.0,,0.0,/2,,brantro01
554,Tsung-Che Cheng*,23,PIT,NL,7,.058,-38,.000,.000,0.0,42.9,0.0,93.2,50.0,25.0,50.0,25.0,1.00,0.0,25.0,75.0,-0.2,-0.1%,-1.69,,0.0,,/64,,chengts01
555,Dom Nuñez*,30,CLE,AL,7,.228,34,.667,.000,0.0,57.1,0.0,63.2,0.0,0.0,66.7,0.0,,33.3,33.3,33.3,-0.1,-0.1%,-0.26,100.0,,0.0,/2,,nunezdo01
556,Luis Vázquez,25,BAL,AL,7,.000,-127,.000,.000,0.0,28.6,0.0,85.4,40.0,40.0,40.0,20.0,0.67,20.0,80.0,0.0,-0.2,0.0%,-1.98,,,,/61DH,,vazqulu01
557,Tyler Callihan*,25,CIN,NL,6,.151,-31,.200,.000,0.0,16.7,0.0,89.8,60.0,20.0,60.0,20.0,1.50,60.0,20.0,20.0,0.0,0.0%,-0.46,0.0,,0.0,/74,,callity01
558,Billy Cook,26,PIT,NL,6,.301,84,.400,.000,0.0,16.7,0.0,81.6,40.0,0.0,40.0,40.0,0.67,0.0,60.0,40.0,0.0,0.0%,-0.57,50.0,,0.0,/9H38,,cookbi01
559,Carson McCusker,27,MIN,AL,6,.149,-26,.500,.000,0.0,66.7,0.0,59.8,0.0,0.0,50.0,50.0,1.00,0.0,100.0,0.0,-0.1,0.0%,-0.54,0.0,,,/9H,,mccusca01
560,Jonathan Ornelas,25,TEX,AL,6,.115,-41,.000,.000,0.0,50.0,16.7,57.8,0.0,0.0,50.0,0.0,,0.0,100.0,0.0,-0.1,-0.1%,-1.45,0.0,,,/64,,orneljo01
561,César Salazar*,29,HOU,AL,6,.149,-23,.200,.000,0.0,16.7,0.0,83.1,20.0,40.0,20.0,40.0,0.25,0.0,80.0,20.0,0.0,0.0%,-1.42,0.0,,,/H2D1,,salazce01
562,Mason McCoy,30,SDP,NL,5,.000,-130,.000,.000,0.0,60.0,0.0,64.7,0.0,0.0,100.0,0.0,,0.0,100.0,0.0,-0.1,0.0%,-1.61,,,,/H4D,,mccoyma01
563,Nate Eaton,28,BOS,AL,4,.710,343,1.000,.000,0.0,25.0,0.0,81.6,33.3,33.3,33.3,33.3,0.50,33.3,66.7,0.0,0.0,0.0%,0.71,33.3,100.0,,/75H,,eatonna01
564,Aramis Garcia,32,ARI,NL,4,.000,-133,.000,.000,0.0,75.0,0.0,91.3,0.0,100.0,0.0,0.0,0.00,0.0,100.0,0.0,-0.1,0.0%,-1.00,,,,/2,,garciar01
565,Brewer Hicklen,29,DET,AL,4,.658,309,1.000,.000,0.0,25.0,25.0,88.9,50.0,50.0,50.0,0.0,1.00,0.0,100.0,0.0,0.1,0.1%,1.27,66.7,100.0,100.0,/8,,hicklbr01
566,Trey Lipscomb,25,WSN,NL,4,.428,182,.667,.000,0.0,25.0,0.0,90.8,33.3,0.0,100.0,0.0,,0.0,66.7,33.3,0.0,0.0%,0.03,50.0,,,/356H,,lipsctr01
567,Richie Palacios*,28,TBR,AL,4,.823,430,.750,.250,0.0,0.0,0.0,88.6,25.0,75.0,25.0,0.0,0.33,25.0,75.0,0.0,0.1,0.1%,1.11,33.3,100.0,0.0,/79,,palacri01
568,Hunter Feduccia*,28,LAD,NL,3,.233,38,.000,.000,0.0,33.3,33.3,98.9,100.0,0.0,100.0,0.0,,100.0,0.0,0.0,-0.1,0.0%,-0.26,0.0,,,/H3,,feduchu01
569,Ryan Fitzgerald*,31,MIN,AL,3,.000,-136,.000,.000,0.0,0.0,0.0,93.5,33.3,0.0,33.3,66.7,0.50,33.3,66.7,0.0,0.0,0.0%,-0.44,,,,/4H,,fitzgry01
570,Justin Foscue,26,TEX,AL,3,.000,-124,.000,.000,0.0,0.0,0.0,95.6,66.7,0.0,33.3,66.7,0.50,33.3,66.7,0.0,0.0,0.0%,-0.39,,,,/3,,foscuju01
571,Buddy Kennedy,26,PHI,NL,3,.233,32,,.000,0.0,66.7,33.3,,,,,,,,,,0.1,0.1%,0.34,0.0,,,/3DH,,kennebu01
572,Greg Jones#,27,CHW,AL,2,.124,-127,,.000,0.0,100.0,0.0,,,,,,,,,,0.0,0.0%,-0.03,,100.0,,/H9,,jonesgr02
573,Jordyn Adams,25,BAL,AL,1,.000,-127,.000,.000,0.0,0.0,0.0,77.2,0.0,0.0,0.0,100.0,0.00,0.0,0.0,100.0,0.0,0.0%,-0.30,,,,/8H,,adamsjo03
574,Tyler Alexander,30,CHW,AL,1,.000,-136,.000,.000,0.0,0.0,0.0,93.6,0.0,0.0,100.0,0.0,,0.0,0.0,100.0,-0.1,0.0%,-0.41,,,,/1,,alexaty01
575,Niko Kavadas*,26,LAA,AL,1,.000,-136,.000,.000,0.0,0.0,0.0,84.9,0.0,0.0,0.0,100.0,0.00,0.0,0.0,100.0,0.0,0.0%,-0.35,,,,/3H,,kavadni01
576,Ryne Nelson,27,ARI,NL,1,.904,527,1.000,.000,0.0,0.0,0.0,89.8,0.0,0.0,100.0,0.0,,0.0,100.0,0.0,0.0,0.0%,-0.09,100.0,,100.0,1/H,,nelsory01
577,Colin Rea,34,CHC,NL,1,.000,-127,,.000,0.0,100.0,0.0,,,,,,,,,,0.0,0.0%,-0.57,,,,1,,reaco01
578,Zach Agnos,24,COL,NL,0,,,,,,,,,,,,,,,,,,,,,,,1,,agnosza01
579,Anthony Banda*,31,LAD,NL,0,,,,,,,,,,,,,,,,,,,,,,,1,,bandaan01
580,Jake Bird,29,COL,NL,0,,,,,,,,,,,,,,,,,,,,,,,1,,birdja01
581,Hayden Birdsong,23,SFG,NL,0,,,,,,,,,,,,,,,,,,,,,,,1,,birdsha01
582,Matt Bowman,34,BAL,AL,0,,,,,,,,,,,,,,,,,,,,,,,1,,bowmama01
583,John Brebbia*,35,DET,AL,0,,,,,,,,,,,,,,,,,,,,,,,1,,brebbjo01
584,Yennier Cano,31,BAL,AL,0,,,,,,,,,,,,,,,,,,,,,,,1,,canoye01
585,Angel Chivilli,22,COL,NL,0,,,,,,,,,,,,,,,,,,,,,,,1,,chivian01
586,Emmanuel Clase,27,CLE,AL,0,,,,,,,,,,,,,,,,,,,,,,,1,,claseem01
587,Yerry De los Santos,27,NYY,AL,0,,,,,,,,,,,,,,,,,,,,,,,1,,delosye01
588,Seranthony Domínguez,30,BAL,AL,0,,,,,,,,,,,,,,,,,,,,,,,1,,dominse01
589,Jhoan Durán,27,MIN,AL,0,,,,,,,,,,,,,,,,,,,,,,,1,,duranjh01
590,Lucas Erceg*,30,KCR,AL,0,,,,,,,,,,,,,,,,,,,,,,,1,,erceglu01
591,Carlos Estévez,32,KCR,AL,0,,,,,,,,,,,,,,,,,,,,,,,1,,estevca01
592,Yimi García,34,TOR,AL,0,,,,,,,,,,,,,,,,,,,,,,,1,,garciyi01
593,Josh Hader*,31,HOU,AL,0,,,,,,,,,,,,,,,,,,,,,,,1,,haderjo01
594,Seth Halvorsen,25,COL,NL,0,,,,,,,,,,,,,,,,,,,,,,,1,,halvose01
595,Ryan Helsley,30,STL,NL,0,,,,,,,,,,,,,,,,,,,,,,,1,,helslry01
596,Jeff Hoffman,32,TOR,AL,0,,,,,,,,,,,,,,,,,,,,,,,1,,hoffmje02
597,Drey Jameson,27,ARI,NL,0,,,,,,,,,,,,,,,,,,,,,,,/1,,jamesdr01
598,Kenley Jansen#,37,LAA,AL,0,,,,,,,,,,,,,,,,,,,,,,,1,,janseke01
599,Griffin Jax,30,MIN,AL,0,,,,,,,,,,,,,,,,,,,,,,,1,,jaxgr01
600,Tommy Kahnle,35,DET,AL,0,,,,,,,,,,,,,,,,,,,,,,,1,,kahnlto01
601,Jordan Leasure,26,CHW,AL,0,,,,,,,,,,,,,,,,,,,,,,,1,,leasujo01
602,Casey Legumina,28,SEA,AL,0,,,,,,,,,,,,,,,,,,,,,,,1,,legumca01
603,Joe Mantiply,34,ARI,NL,0,,,,,,,,,,,,,,,,,,,,,,,1,,mantijo01
604,Justin Martínez,23,ARI,NL,0,,,,,,,,,,,,,,,,,,,,,,,1,,martiju01
605,Phil Maton,32,STL,NL,0,,,,,,,,,,,,,,,,,,,,,,,1,,matonph01
606,Tyler Matzek*,34,NYY,AL,0,,,,,,,,,,,,,,,,,,,,,,,/1,,matzety01
607,Juan Mejia,24,COL,NL,0,,,,,,,,,,,,,,,,,,,,,,,1,,mejiaju01
608,Shelby Miller,34,ARI,NL,0,,,,,,,,,,,,,,,,,,,,,,,1,,millesh01
609,Hoby Milner*,34,TEX,AL,0,,,,,,,,,,,,,,,,,,,,,,,1,,milneho01
610,Tyler Owens,24,DET,AL,0,,,,,,,,,,,,,,,,,,,,,,,/1,,owensty01
611,Andre Pallante,26,STL,NL,0,,,,,,,,,,,,,,,,,,,,,,,1,,pallaan01
612,Cionel Pérez,29,BAL,AL,0,,,,,,,,,,,,,,,,,,,,,,,1,,perezci01
613,A.J. Puk*,30,ARI,NL,0,,,,,,,,,,,,,,,,,,,,,,,/1,,pukaj01
614,Trevor Richards,32,KCR,AL,0,,,,,,,,,,,,,,,,,,,,,,,/1,,richatr01
615,Tyler Rogers,34,SFG,NL,0,,,,,,,,,,,,,,,,,,,,,,,1,,rogerty01
616,Nick Sandlin,28,TOR,AL,0,,,,,,,,,,,,,,,,,,,,,,,1,,sandlni01
617,John Schreiber,31,KCR,AL,0,,,,,,,,,,,,,,,,,,,,,,,1,,schrejo01
618,Tanner Scott,30,LAD,NL,0,,,,,,,,,,,,,,,,,,,,,,,1,,scottta01
619,Connor Seabold,29,TBR,AL,0,,,,,,,,,,,,,,,,,,,,,,,/1,,seaboco01
620,Ryan Thompson,33,ARI,NL,0,,,,,,,,,,,,,,,,,,,,,,,1,,thompry02
621,Ryan Walker,29,SFG,NL,0,,,,,,,,,,,,,,,,,,,,,,,1,,walkery01
622,Bryse Wilson,27,CHW,AL,0,,,,,,,,,,,,,,,,,,,,,,,1,,wilsobr02