Rk,Player,Age,Team,Lg,WAR,G,PA,AB,R,H,2B,3B,HR,RBI,SB,CS,BB,SO,BA,OBP,SLG,OPS,OPS+,rOBA,Rbat+,TB,GIDP,HBP,SH,SF,IBB,Pos,Awards,Player-additional
1,Jarren Duran*,28,BOS,AL,1.2,79,364,335,40,86,19,8,5,38,15,5,21,86,.257,.309,.406,.715,98,.325,102,136,3,5,1,2,0,*7/89DH,,duranja01
2,Rafael Devers*,28,2TM,2LG,2.4,79,360,295,49,79,19,0,16,61,1,1,59,83,.268,.394,.495,.889,148,.385,150,146,7,4,0,2,7,*D,,deverra01
3,Rafael Devers*,28,BOS,AL,2.3,73,334,272,47,74,18,0,15,58,1,1,56,76,.272,.401,.504,.905,152,.391,154,137,7,4,0,2,7,*D,,deverra01
4,Rafael Devers*,28,SFG,NL,0.0,6,26,23,2,5,1,0,1,3,0,0,3,7,.217,.308,.391,.699,100,.312,101,9,0,0,0,0,0,/D,,deverra01
5,Shohei Ohtani*,30,LAD,NL,3.6,77,359,306,76,89,12,6,26,49,11,4,48,92,.291,.390,.624,1.014,182,.425,178,191,4,3,0,2,9,*D/1,,ohtansh01
6,Jackson Chourio,21,MIL,NL,1.1,78,351,335,50,86,22,3,12,46,15,5,13,72,.257,.285,.448,.733,104,.325,104,150,10,1,0,2,0,*879/D,,chourja01
7,Brent Rooker,30,ATH,AL,1.5,80,350,313,48,86,16,2,15,41,2,1,35,74,.275,.351,.482,.834,131,.366,135,151,7,2,0,0,0,*D/97H,,rookebr01
8,Bo Bichette,27,TOR,AL,1.3,77,349,326,37,91,19,1,11,48,4,3,19,55,.279,.321,.445,.766,111,.337,113,145,7,2,0,2,1,*6/DH,,bichebo01
9,Francisco Lindor#,31,NYM,NL,2.9,77,349,308,49,84,14,0,16,42,13,2,28,62,.273,.344,.474,.818,133,.361,132,146,5,8,0,5,2,*6/DH,,lindofr01
10,Juan Soto*,26,NYM,NL,3.2,78,348,279,55,71,14,0,17,43,8,1,64,55,.254,.391,.487,.878,152,.395,158,136,14,1,0,4,5,*9/D,,sotoju01
11,James Wood*,22,WSN,NL,3.9,79,348,299,50,85,19,0,22,61,9,4,46,92,.284,.379,.569,.948,167,.406,167,170,5,1,0,2,3,*7D,,woodja03
12,Pete Alonso,30,NYM,NL,2.7,79,347,297,43,85,22,1,18,64,0,2,37,79,.286,.380,.549,.929,164,.395,163,163,12,10,0,3,2,*3,,alonspe01
13,Aaron Judge,33,NYY,AL,5.6,78,346,289,68,106,18,2,28,62,6,3,53,88,.367,.468,.734,1.202,231,.493,235,212,8,3,0,1,17,*9D/H,,judgeaa01
14,Kyle Schwarber*,32,PHI,NL,2.4,78,345,285,57,71,9,1,24,55,6,1,55,88,.249,.380,.540,.920,150,.398,150,154,1,5,0,0,5,*D/7,,schwaky01
15,Julio Rodríguez,24,SEA,AL,3.4,76,343,315,48,80,11,3,11,39,12,3,22,69,.254,.315,.413,.728,113,.331,118,130,8,6,0,0,1,*8/H,,rodriju01
16,Kyle Tucker*,28,CHC,NL,3.4,77,343,288,55,81,16,4,15,46,18,1,51,49,.281,.391,.521,.912,160,.403,160,150,5,2,0,2,7,*9D/H,,tuckeky01
17,Austin Riley,28,ATL,NL,1.1,77,342,316,44,87,13,1,12,40,2,1,22,96,.275,.327,.437,.764,111,.336,110,138,6,3,0,1,1,*5,,rileyau01
18,Trea Turner,32,PHI,NL,2.5,76,342,313,54,94,16,2,9,35,19,5,24,54,.300,.357,.450,.807,121,.364,122,141,4,4,0,1,0,*6/H,,turnetr01
19,Elly De La Cruz#,23,CIN,NL,2.7,79,339,302,62,82,15,2,18,55,21,6,34,87,.272,.348,.513,.861,129,.377,128,155,4,2,0,1,5,*6/DH,,delacel01
20,Geraldo Perdomo#,25,ARI,NL,1.8,77,339,281,41,73,17,1,8,52,11,1,44,39,.260,.356,.413,.769,114,.347,113,116,6,3,2,9,0,*6/H,,perdoge01
21,Bobby Witt Jr.,25,KCR,AL,3.6,78,338,304,42,87,26,3,10,40,21,6,26,61,.286,.343,.490,.833,131,.366,131,149,1,3,0,5,6,*6/D,,wittbo02
22,Lars Nootbaar*,27,STL,NL,1.1,75,337,288,42,66,13,0,10,33,4,4,43,73,.229,.335,.378,.714,100,.318,100,109,4,4,0,2,2,*79/8DH,,nootbla01
23,Matt Olson*,31,ATL,NL,3.0,77,337,285,45,72,19,0,15,49,0,0,47,76,.253,.359,.477,.836,131,.363,129,136,9,2,0,3,1,*3,,olsonma02
24,Jeremy Peña,27,HOU,AL,4.5,78,335,304,47,99,16,1,11,40,15,2,19,54,.326,.380,.493,.874,144,.385,144,150,5,9,1,2,1,*6/DH,,penaje02
25,TJ Friedl*,29,CIN,NL,2.4,75,334,287,47,84,13,2,8,30,9,3,38,52,.293,.380,.436,.815,120,.370,126,125,4,4,2,3,0,*8/DH,,friedtj01
26,Vladimir Guerrero Jr.,26,TOR,AL,2.2,76,334,283,44,79,16,0,10,39,2,2,45,47,.279,.383,.442,.825,130,.357,128,125,4,4,0,2,5,*3/DH,,guerrvl02
27,Cal Raleigh#,28,SEA,AL,4.4,76,334,284,57,79,14,0,32,68,9,2,45,83,.278,.383,.665,1.049,202,.439,200,189,3,4,0,1,5,*2D/H,,raleica01
28,Fernando Tatis Jr.,26,SDP,NL,3.6,76,334,292,57,78,11,1,15,37,15,2,37,59,.267,.356,.466,.822,127,.380,136,136,4,4,0,1,3,*9/D,,tatisfe02
29,Heliot Ramos,25,SFG,NL,1.8,76,332,291,48,83,14,1,13,43,5,4,28,77,.285,.361,.474,.836,139,.361,138,138,8,9,0,4,1,*7/D,,ramoshe02
30,Willy Adames,29,SFG,NL,0.1,77,331,288,42,60,11,1,9,33,3,2,36,86,.208,.294,.347,.641,84,.288,85,100,4,1,0,5,1,*6/D,,adamewi01
31,Lawrence Butler*,24,ATH,AL,1.6,75,331,304,44,79,23,1,11,32,11,3,27,93,.260,.320,.451,.771,114,.340,114,137,2,0,0,0,0,*9/8H,,butlela01
32,Manny Machado,32,SDP,NL,2.9,78,331,297,52,90,20,0,13,47,8,2,31,54,.303,.366,.502,.867,139,.377,137,149,9,0,0,3,1,*5/D,,machama01
33,Tyler Soderstrom*,23,ATH,AL,1.1,79,331,293,41,74,11,1,14,45,5,0,33,80,.253,.335,.440,.776,116,.340,113,129,11,4,0,1,1,37/HD,,soderty01
34,Ozzie Albies#,28,ATL,NL,0.6,77,330,298,34,67,11,1,6,27,7,1,28,56,.225,.297,.329,.626,74,.290,74,98,3,3,0,1,0,*4,,albieoz01
35,Nathaniel Lowe*,29,WSN,NL,0.2,79,329,298,33,69,12,0,13,52,1,0,28,88,.232,.298,.403,.701,98,.308,96,120,4,1,0,2,0,*3/DH,,lowena01
36,Seiya Suzuki,30,CHC,NL,1.6,74,328,297,41,76,19,2,20,64,2,2,26,88,.256,.311,.535,.846,139,.364,140,159,7,0,0,5,0,D97,,suzukse01
37,Randy Arozarena,30,SEA,AL,2.7,75,327,275,35,66,19,1,8,31,14,0,38,90,.240,.358,.404,.761,125,.354,131,111,3,13,0,1,0,*7/D,,arozara01
38,Brice Turang*,25,MIL,NL,2.9,76,326,285,50,78,11,0,5,31,16,6,35,72,.274,.351,.365,.716,104,.335,111,104,1,1,1,4,0,*4/H,,turanbr02
39,Taylor Ward,31,LAA,AL,0.6,76,326,291,43,61,15,1,19,53,1,1,29,86,.210,.279,.464,.743,104,.322,104,135,7,1,0,5,1,*7/D,,wardta01
40,Marcell Ozuna,34,ATL,NL,1.3,74,325,264,33,66,10,0,11,40,0,0,55,74,.250,.378,.413,.791,121,.362,128,109,7,2,0,4,2,*D,,ozunama01
41,Ian Happ#,30,CHC,NL,1.8,69,324,281,49,69,14,0,11,38,4,1,39,73,.246,.336,.413,.749,115,.337,118,116,5,1,0,3,0,*7/D,,happia01
42,Vinnie Pasquantino*,27,KCR,AL,1.0,77,324,296,31,79,7,1,11,41,1,0,23,52,.267,.327,.409,.736,105,.327,106,121,2,4,0,1,3,*3D,,pasquvi01
43,Corbin Carroll*,24,ARI,NL,2.7,72,323,286,57,73,13,9,20,44,10,4,30,80,.255,.341,.573,.914,149,.390,148,164,2,7,0,0,1,*9/H,,carroco02
44,Pete Crow-Armstrong*,23,CHC,NL,4.1,77,322,300,58,82,19,3,21,61,23,4,14,78,.273,.310,.567,.877,146,.388,148,170,1,3,3,2,0,*8,,crowape01
45,Riley Greene*,24,DET,AL,2.3,77,322,296,42,86,20,0,17,59,1,1,24,99,.291,.345,.530,.875,144,.377,147,157,5,1,0,1,1,*78D/H9,,greenri03
46,Bryan Reynolds#,30,PIT,NL,-0.6,74,322,288,26,66,12,2,8,39,3,2,29,84,.229,.301,.368,.669,85,.298,82,106,8,2,0,3,1,*9D,,reynobr01
47,Dansby Swanson,31,CHC,NL,2.2,77,322,294,43,70,10,1,14,39,7,2,23,87,.238,.290,.422,.711,102,.317,103,124,4,0,1,4,1,*6,,swansda01
48,Isaac Paredes,26,HOU,AL,2.6,74,321,273,40,70,10,1,16,45,0,1,41,55,.256,.361,.476,.838,134,.365,137,130,8,5,0,2,0,*5/DH,,paredis01
49,Yandy Díaz,33,TBR,AL,1.2,72,320,294,35,83,15,1,12,44,3,0,20,44,.282,.331,.463,.794,123,.341,118,136,8,3,0,3,2,*D/3,,diazya01
50,Nolan Schanuel*,23,LAA,AL,1.2,76,320,277,39,77,15,1,6,30,3,1,34,41,.278,.366,.404,.770,117,.346,120,112,5,5,3,1,3,*3,,schanno01
51,Jose Altuve,35,HOU,AL,-0.3,75,319,290,36,78,10,0,12,34,6,5,25,51,.269,.326,.428,.754,111,.322,107,124,7,1,0,3,3,74D,,altuvjo01
52,J.P. Crawford*,30,SEA,AL,2.8,74,319,265,34,76,10,0,6,30,5,1,50,56,.287,.401,.392,.793,136,.358,140,104,2,1,2,1,1,*6/H,,crawfjp01
53,Eugenio Suárez,33,ARI,NL,2.6,78,319,283,48,71,15,0,25,67,1,0,21,82,.251,.323,.569,.892,142,.386,145,161,5,11,0,4,1,*5/HD,,suareeu01
54,Nick Castellanos,33,PHI,NL,-0.3,77,318,294,36,84,21,1,8,41,2,0,17,59,.286,.327,.446,.773,110,.339,108,131,6,3,0,4,0,*9/D,,casteni01
55,William Contreras,27,MIL,NL,2.0,74,318,266,38,65,11,0,6,34,5,0,49,62,.244,.358,.353,.712,103,.334,110,94,4,0,0,3,4,*2/D7,,contrwi02
56,Willson Contreras,33,STL,NL,1.1,74,318,278,38,69,18,0,10,50,3,0,25,77,.248,.334,.421,.755,110,.334,108,117,8,12,1,2,1,*3D,,contrwi01
57,Mookie Betts,32,LAD,NL,2.7,72,317,279,50,71,9,1,9,38,6,0,35,31,.254,.338,.391,.728,106,.332,108,109,5,1,0,2,2,*6/H,,bettsmo01
58,Jung Hoo Lee*,26,SFG,NL,1.6,75,317,286,44,72,17,5,6,34,6,1,26,35,.252,.315,.409,.725,107,.322,106,117,0,2,0,3,0,*8/HD,,leeju01
59,Josh Naylor*,28,ARI,NL,1.1,75,317,287,41,87,18,1,9,51,10,2,25,41,.303,.358,.467,.824,128,.367,129,134,10,1,0,3,1,*3D/H,,naylojo01
60,Christian Yelich*,33,MIL,NL,1.5,74,316,281,39,74,10,0,15,56,12,3,31,85,.263,.342,.459,.801,125,.357,126,129,4,3,0,1,3,*D/7H,,yelicch01
61,Luis Arráez*,28,SDP,NL,-0.1,72,315,294,36,82,16,4,3,29,3,1,13,6,.279,.309,.391,.700,94,.308,89,115,4,1,4,3,0,*3D/H,,arraelu01
62,Alec Bohm,28,PHI,NL,0.8,75,314,293,32,85,11,1,7,36,2,0,15,49,.290,.328,.406,.734,101,.326,98,119,12,3,0,3,0,*53,,bohmal01
63,Steven Kwan*,27,CLE,AL,3.3,73,314,283,35,87,17,0,6,24,10,1,25,28,.307,.367,.431,.799,124,.360,127,122,1,3,1,2,0,*7/D,,kwanst01
64,Marcus Semien,34,TEX,AL,1.1,78,314,275,29,61,8,1,7,32,6,1,32,58,.222,.303,.335,.637,86,.293,88,92,4,2,0,5,0,*4,,semiema01
65,Miguel Vargas,25,CHW,AL,1.8,76,314,280,39,67,20,2,10,34,3,0,29,53,.239,.318,.432,.751,109,.328,107,121,2,4,0,1,0,*53/DH,,vargami01
66,Christian Walker,34,HOU,AL,-0.7,75,314,285,32,62,10,1,10,37,0,0,22,86,.218,.283,.365,.648,81,.291,81,104,8,5,0,2,0,*3,,walkech02
67,Jacob Wilson,23,ATH,AL,2.2,74,314,292,40,102,15,0,9,40,5,1,17,20,.349,.390,.493,.883,146,.389,151,144,13,3,1,1,1,*6,,wilsoja05
68,Michael Harris II*,24,ATL,NL,0.2,77,313,294,17,65,11,2,6,43,11,3,10,63,.221,.245,.333,.578,59,.256,49,98,3,1,3,5,1,*8/H,,harrimi04
69,José Ramírez#,32,CLE,AL,3.1,74,313,279,43,90,16,1,13,36,20,5,27,34,.323,.383,.527,.910,153,.393,150,147,1,3,0,4,7,*5D,,ramirjo01
70,Trevor Story,32,BOS,AL,1.2,76,312,294,35,69,7,0,11,39,11,0,14,95,.235,.277,.371,.647,79,.294,76,109,1,3,1,0,0,*6/HD,,storytr01
71,Spencer Torkelson,25,DET,AL,1.1,74,312,264,43,59,17,0,16,49,1,0,38,76,.223,.330,.470,.800,124,.340,119,124,8,6,0,4,5,*3/DH,,torkesp01
72,Xander Bogaerts,32,SDP,NL,0.9,77,311,273,33,68,15,0,4,28,13,1,32,52,.249,.325,.348,.673,88,.306,82,95,8,1,0,5,3,*6/DH,,bogaexa01
73,Maikel Garcia,25,KCR,AL,2.2,76,311,279,34,87,19,3,8,36,17,8,27,43,.312,.372,.487,.860,139,.371,139,136,6,1,2,2,0,*54/68DH9,,garcima01
74,Anthony Volpe,24,NYY,AL,1.7,77,311,275,33,64,20,2,9,41,8,7,28,78,.233,.306,.418,.725,101,.310,98,115,5,3,1,4,0,*6/H,,volpean01
75,Brendan Donovan*,28,STL,NL,2.2,71,310,277,42,85,21,0,5,29,3,1,25,41,.307,.375,.437,.812,127,.357,126,121,4,6,1,1,3,*47/6DH,,donovbr01
76,Ryan McMahon*,30,COL,NL,1.5,76,309,266,32,59,12,1,12,25,1,1,41,95,.222,.327,.410,.737,97,.324,93,109,3,1,0,1,1,*5/DH,,mcmahry01
77,Sal Frelick*,25,MIL,NL,1.5,76,308,276,36,81,9,3,4,30,14,2,21,40,.293,.351,.391,.742,110,.337,109,108,1,4,3,1,0,*98/35H,,frelisa01
78,Paul Goldschmidt,37,NYY,AL,1.5,77,308,280,48,82,15,1,8,32,5,0,24,56,.293,.352,.439,.791,121,.354,124,123,4,2,0,1,3,*3/HD8,,goldspa01
79,Brandon Nimmo*,32,NYM,NL,1.8,75,308,279,37,71,14,0,15,41,6,1,25,58,.254,.318,.466,.784,123,.345,122,130,5,2,0,2,1,*7/8DH,,nimmobr01
80,Salvador Perez,35,KCR,AL,-0.8,74,308,289,19,68,19,0,9,41,0,0,14,65,.235,.277,.394,.671,86,.292,81,114,8,3,0,1,2,23D,,perezsa02
81,Nolan Arenado,34,STL,NL,1.4,73,307,279,37,70,11,1,10,39,1,0,23,32,.251,.313,.405,.718,99,.322,100,113,6,3,0,2,4,*5/DH,,arenano01
82,Junior Caminero,21,TBR,AL,1.5,73,306,283,46,75,16,0,19,50,5,1,19,55,.265,.310,.523,.833,132,.370,139,148,20,1,0,3,0,*5/DH3,,caminju01
83,Lourdes Gurriel Jr.,31,ARI,NL,0.3,72,306,280,25,72,14,1,10,40,6,1,18,44,.257,.304,.421,.725,100,.326,100,118,4,3,0,5,0,*7/H,,gurrilo01
84,Nico Hoerner,28,CHC,NL,2.6,74,306,285,41,82,17,1,0,31,14,3,15,22,.288,.330,.354,.684,98,.319,102,101,1,4,0,2,0,*4/6,,hoernni01
85,Ty France,30,MIN,AL,0.8,76,305,278,34,74,14,0,6,42,1,0,13,46,.266,.328,.381,.709,97,.326,103,106,6,13,0,1,0,*3/H,,francty01
86,Oneil Cruz*,26,PIT,NL,0.8,70,304,256,41,54,10,1,13,31,26,3,42,101,.211,.326,.410,.736,103,.342,102,105,4,3,0,3,3,*8/HD,,cruzon01
87,Brandon Lowe*,30,TBR,AL,1.0,73,303,280,46,74,10,0,15,42,2,1,20,73,.264,.314,.461,.774,117,.342,120,129,3,1,0,2,0,*4/HD,,lowebr01
88,Andy Pages,24,LAD,NL,3.0,75,303,281,39,82,12,1,16,52,6,3,13,56,.292,.330,.512,.842,134,.360,132,144,4,5,0,4,0,*897,,pagesan01
89,Hunter Goodman,25,COL,NL,1.3,74,302,282,38,80,17,3,14,48,1,2,16,81,.284,.328,.514,.842,122,.365,124,145,10,3,0,1,0,2D/H,,goodmhu01
90,Jonathan India,28,KCR,AL,-0.3,70,302,269,29,64,13,0,4,22,0,3,28,43,.238,.315,.331,.645,82,.285,79,89,4,3,0,2,0,475D/H,,indiajo01
91,Trevor Larnach*,28,MIN,AL,0.7,73,302,271,40,70,11,1,11,36,2,2,25,66,.258,.326,.428,.754,108,.342,117,116,6,3,0,2,1,D97/H,,larnatr01
92,Cody Bellinger*,29,NYY,AL,1.7,71,301,268,37,70,14,3,10,38,7,2,27,45,.261,.326,.448,.773,115,.334,110,120,3,1,0,5,1,*789/3H,,bellico01
93,Gunnar Henderson*,24,BAL,AL,2.4,71,301,270,39,75,14,2,8,23,9,2,29,74,.278,.352,.433,.785,125,.350,127,117,5,2,0,0,4,*6/DH,,hendegu01
94,Wilmer Flores,33,SFG,NL,0.5,75,296,266,31,67,7,0,11,54,1,0,24,54,.252,.324,.402,.727,108,.333,116,107,11,5,0,1,0,*D/3H,,florewi01
95,Jackson Holliday*,21,BAL,AL,1.0,71,294,275,32,73,12,2,9,32,8,6,15,69,.265,.313,.422,.735,110,.328,116,116,3,4,0,0,0,*4/6DH,,hollija01
96,CJ Abrams*,24,WSN,NL,2.9,66,293,261,52,74,16,2,11,26,16,2,20,51,.284,.356,.487,.843,138,.386,145,127,2,10,1,1,1,*6/H,,abramcj01
97,Bryson Stott*,27,PHI,NL,0.0,71,291,262,32,63,8,2,5,34,12,3,26,52,.240,.310,.344,.654,80,.300,78,90,1,1,1,1,0,*4/H,,stottbr01
98,Ke'Bryan Hayes,28,PIT,NL,0.5,73,289,268,22,62,4,2,2,22,9,2,16,59,.231,.285,.284,.568,59,.261,52,76,6,4,1,0,0,*5/H,,hayeske01
99,Carlos Santana#,39,CLE,AL,0.9,71,289,250,34,59,6,0,8,36,4,0,33,51,.236,.329,.356,.685,93,.313,94,89,6,3,0,3,1,*3D/H,,santaca01
100,Adolis García,32,TEX,AL,1.9,74,288,262,26,61,17,0,9,37,7,2,18,71,.233,.285,.401,.685,97,.304,96,105,4,3,0,5,0,*9/DH,,garciad02
101,Rhys Hoskins,32,MIL,NL,0.9,74,288,246,28,61,11,0,12,40,2,1,33,78,.248,.340,.439,.779,119,.342,118,108,5,4,0,5,2,*3/HD,,hoskirh01
102,Eric Wagaman,27,MIA,NL,-0.8,71,288,267,29,68,16,1,5,28,2,1,17,54,.255,.295,.378,.673,84,.304,84,101,9,0,0,4,0,*37/DH59,,wagamer01
103,Max Muncy*,34,LAD,NL,2.3,74,287,231,31,56,9,2,11,45,4,0,48,64,.242,.373,.442,.814,130,.362,130,102,4,3,0,5,1,*5/H,,muncyma01
104,Wyatt Langford,23,TEX,AL,2.2,66,286,253,32,60,10,0,13,31,11,3,28,73,.237,.315,.431,.746,114,.334,117,109,6,2,0,3,2,*78,,langfwy01
105,Spencer Steer,27,CIN,NL,-0.2,72,286,264,30,62,12,1,6,26,6,1,20,72,.235,.290,.356,.646,73,.292,69,94,7,1,0,1,0,3D/7H9,,steersp01
106,Gleyber Torres,28,DET,AL,1.6,66,285,237,36,66,12,0,7,38,4,1,40,35,.278,.386,.418,.804,129,.362,134,99,6,4,0,4,0,*4/DH,,torregl01
107,Masyn Winn,23,STL,NL,1.0,67,284,254,47,64,13,0,6,25,4,5,24,52,.252,.322,.374,.696,94,.303,91,95,4,3,1,2,0,*6/H,,winnma01
108,Freddie Freeman*,35,LAD,NL,2.0,67,283,249,40,80,21,1,9,41,0,1,28,57,.321,.392,.522,.914,157,.391,156,130,7,3,0,3,5,*3/H,,freemfr01
109,Jonathan Aranda*,27,TBR,AL,2.8,73,282,243,39,79,15,0,8,41,0,1,30,66,.325,.411,.486,.897,154,.390,158,118,4,7,0,2,1,*3/HD,,arandjo01
110,Andrew McCutchen,38,PIT,NL,0.7,70,281,247,24,64,13,0,8,28,1,0,29,58,.259,.339,.409,.748,107,.333,106,101,4,2,0,2,1,*D/9H7,,mccutan01
111,Luis Robert Jr.,27,CHW,AL,0.0,71,281,245,26,45,8,0,7,31,22,6,29,88,.184,.271,.302,.573,62,.278,65,74,6,1,1,2,2,*8/DH,,roberlu01
112,George Springer,35,TOR,AL,0.3,72,280,233,37,58,15,1,10,32,7,0,36,62,.249,.349,.451,.800,121,.352,119,105,9,2,0,4,1,9D8/H7,,springe01
113,Gavin Sheets*,29,SDP,NL,0.7,75,278,252,30,67,11,1,12,46,1,0,21,58,.266,.324,.460,.784,115,.343,114,116,6,2,0,3,0,D73H,,sheetga01
114,Matt McLain,25,CIN,NL,0.4,69,277,241,36,50,7,0,9,27,11,0,29,79,.207,.304,.349,.653,76,.310,77,84,5,5,1,1,0,*4/H6D,,mclaima01
115,Yainer Diaz,26,HOU,AL,0.8,68,276,263,29,62,9,1,9,30,0,1,10,52,.236,.268,.380,.648,80,.289,81,100,5,2,0,1,0,*2D/H,,diazya02
116,Jake Meyers,29,HOU,AL,2.1,76,276,248,36,77,13,1,3,20,13,5,23,48,.310,.369,.407,.776,119,.348,121,101,8,1,2,2,0,*8/H,,meyerja02
117,Ceddanne Rafaela,24,BOS,AL,2.7,75,276,254,41,65,13,2,8,30,11,1,14,58,.256,.304,.417,.721,99,.322,96,106,1,4,3,1,0,*8/H4,,rafaece01
118,Adley Rutschman#,27,BAL,AL,1.3,68,276,242,31,55,9,1,8,20,0,0,32,45,.227,.319,.372,.691,99,.305,97,90,7,1,0,1,0,*2D/H,,rutscad01
119,Brenton Doyle,27,COL,NL,-1.6,66,275,253,26,50,10,2,5,25,8,0,20,69,.198,.255,.312,.567,52,.265,45,79,6,0,0,2,0,*8/HD,,doylebr02
120,Xavier Edwards#,25,MIA,NL,0.9,61,275,242,28,70,7,1,0,16,14,6,28,40,.289,.363,.326,.689,92,.320,94,79,0,1,2,2,1,64/DH,,edwarxa01
121,Kyle Stowers*,27,MIA,NL,0.6,72,275,244,32,66,9,3,11,35,3,1,25,78,.270,.343,.467,.810,120,.350,116,114,5,3,1,2,1,*798/HD,,stoweky01
122,Luis García Jr.*,25,WSN,NL,0.2,70,274,252,36,69,19,0,7,36,7,4,15,37,.274,.314,.433,.746,111,.328,111,109,1,2,0,5,0,*4/HD,,garcilu04
123,Mike Yastrzemski*,34,SFG,NL,1.9,71,274,237,31,60,13,1,6,26,5,2,35,58,.253,.350,.392,.743,114,.342,122,93,3,1,0,1,3,*9/H,,yastrmi01
124,Matt Chapman,32,SFG,NL,2.9,65,272,230,35,56,12,0,12,30,7,2,40,65,.243,.360,.452,.812,133,.359,133,104,4,2,0,0,0,*5,,chapmma01
125,Michael Busch*,27,CHC,NL,2.3,72,271,236,32,64,13,3,12,44,3,0,30,61,.271,.365,.504,.870,148,.380,148,119,1,5,0,0,1,*3H/D,,buschmi02
126,Joey Ortiz,26,MIL,NL,-0.8,77,270,245,29,52,8,0,2,14,8,3,17,46,.212,.272,.269,.541,54,.248,49,66,5,3,5,0,0,*6/H,,ortizjo06
127,Josh Jung,27,TEX,AL,0.6,68,268,251,24,60,10,1,7,30,4,1,15,64,.239,.287,.371,.658,90,.292,88,93,4,2,0,0,0,*5/DH,,jungjo01
128,Jordan Beck,24,COL,NL,0.9,67,267,244,36,64,14,4,10,26,9,4,19,75,.262,.322,.475,.798,111,.354,114,116,4,3,0,1,0,*7/HD,,beckjo01
129,Kerry Carpenter*,27,DET,AL,0.3,73,267,252,37,62,11,1,13,27,1,1,7,58,.246,.277,.452,.729,103,.315,102,114,2,4,0,1,0,9D7H,,carpeke01
130,Zach McKinstry*,30,DET,AL,2.0,70,266,232,36,63,10,7,4,21,8,1,29,62,.272,.351,.427,.778,120,.346,120,99,3,1,1,3,1,597/6H4D,,mckinza01
131,Jorge Soler,33,LAA,AL,-0.5,67,265,237,25,49,10,0,8,26,0,0,22,79,.207,.280,.350,.631,76,.288,78,83,5,3,0,2,0,D9/H,,solerjo01
132,Gabriel Arias,25,CLE,AL,1.0,71,264,239,27,55,16,0,5,27,3,3,17,82,.230,.293,.360,.653,82,.282,76,86,5,5,1,2,0,64/5H,,ariasga01
133,Max Kepler*,32,PHI,NL,0.0,71,264,232,32,49,14,0,9,27,0,0,28,54,.211,.303,.388,.691,89,.305,84,90,4,3,0,1,1,*79H/8,,keplema01
134,Gavin Lux*,27,CIN,NL,0.1,71,264,232,24,61,14,1,4,34,1,0,32,62,.263,.352,.384,.736,99,.335,101,89,2,0,0,0,0,7D/45H,,luxga01
135,Victor Scott II*,24,STL,NL,1.7,73,264,227,34,55,8,1,3,24,22,1,23,71,.242,.331,.326,.657,85,.317,84,74,2,8,4,2,0,*8/97,,scottvi01
136,Kristian Campbell,23,BOS,AL,-0.8,67,263,229,24,51,10,0,6,21,2,1,29,72,.223,.319,.345,.664,86,.302,88,79,1,4,0,1,0,*4/8H7D,,campbkr01
137,Josh Bell#,32,WSN,NL,-0.5,67,262,233,23,46,4,1,10,28,0,1,25,48,.197,.282,.352,.634,80,.286,81,82,8,3,0,1,0,*D/3H,,belljo02
138,Byron Buxton,31,MIN,AL,2.9,61,262,232,46,65,9,3,17,47,13,0,23,71,.280,.347,.565,.912,149,.400,150,131,0,3,0,4,2,*8/D,,buxtoby01
139,Carlos Correa,30,MIN,AL,0.2,67,262,245,29,64,14,0,6,24,0,0,16,51,.261,.305,.392,.697,93,.303,87,96,10,0,0,1,0,*6/H,,correca01
140,J.T. Realmuto,34,PHI,NL,0.7,64,262,238,29,59,11,1,5,27,4,1,22,63,.248,.317,.366,.682,87,.309,86,87,10,2,0,0,1,*2/D,,realmjt01
141,Ernie Clement,29,TOR,AL,2.6,75,261,244,32,75,16,0,4,18,2,3,11,29,.307,.337,.422,.759,110,.329,109,103,6,1,3,2,0,54/6H3,,clemeer01
142,Trent Grisham*,28,NYY,AL,2.3,67,260,225,37,55,5,1,15,31,0,1,34,60,.244,.346,.476,.822,128,.377,144,107,2,1,0,0,0,*8/H,,grishtr01
143,Luis Rengifo#,28,LAA,AL,-1.1,71,260,242,20,53,7,0,4,18,2,5,14,45,.219,.263,.298,.560,57,.247,54,72,5,1,1,2,0,54/H9D,,rengilu01
144,Teoscar Hernández,32,LAD,NL,1.6,63,259,243,40,64,15,0,14,51,5,0,12,62,.263,.298,.498,.796,121,.348,119,121,7,1,0,2,0,*9/H,,hernate01
145,Keibert Ruiz#,26,WSN,NL,0.1,66,259,247,19,61,12,0,2,24,0,2,8,24,.247,.278,.320,.598,71,.274,74,79,4,3,0,1,0,*2/H,,ruizke01
146,Zach Neto,24,LAA,AL,2.8,60,258,241,46,67,15,1,12,29,13,5,11,67,.278,.322,.498,.820,126,.356,126,120,4,5,0,1,1,*6/H,,netoza01
147,Josh Smith*,27,TEX,AL,2.0,66,258,232,34,66,11,1,7,21,8,3,23,45,.284,.350,.431,.781,126,.352,133,100,0,1,1,1,1,635/DH4789,,smithjo11
148,Ryan O'Hearn*,31,BAL,AL,1.7,65,256,223,29,68,9,0,10,29,3,1,26,42,.305,.387,.480,.867,148,.377,149,107,7,5,0,2,1,D39/H7,,ohearry01
149,Michael Conforto*,32,LAD,NL,-1.0,68,253,212,27,35,10,0,4,13,1,0,33,63,.165,.296,.269,.565,62,.268,64,57,8,7,0,1,0,*7/H,,confomi01
150,Bryce Harper*,32,PHI,NL,1.4,57,253,213,32,55,13,0,9,34,8,0,35,47,.258,.368,.446,.814,123,.368,124,95,2,3,0,2,2,*3/D,,harpebr03
151,Ben Rice*,26,NYY,AL,0.7,66,253,224,35,54,12,2,13,28,3,2,21,55,.241,.321,.487,.808,123,.346,122,109,8,6,0,1,0,D3/2H,,ricebe01
152,Cedric Mullins*,30,BAL,AL,-0.2,62,252,223,31,49,11,0,12,35,8,2,26,65,.220,.306,.430,.736,109,.326,110,96,2,2,0,1,0,*8/D,,mullice01
153,Alejandro Kirk,26,TOR,AL,1.6,63,251,232,19,71,8,0,7,34,0,0,15,26,.306,.347,.431,.778,115,.341,115,100,7,1,0,3,1,*2/DH,,kirkal01
154,Kyle Manzardo*,24,CLE,AL,0.1,66,250,221,23,48,11,2,11,31,1,0,24,63,.217,.296,.434,.730,102,.318,99,96,4,2,0,3,1,D3/H,,manzaky01
155,Jake Burger,29,TEX,AL,0.4,65,249,236,27,52,13,0,10,29,1,1,8,65,.220,.253,.403,.656,87,.283,83,95,1,3,0,2,0,*3/DH,,burgeja01
156,Jo Adell,26,LAA,AL,0.6,71,248,224,28,50,8,0,16,39,3,0,15,62,.223,.296,.473,.769,112,.337,112,106,1,8,0,0,0,*89/H,,adelljo01
157,Otto López,26,MIA,NL,1.6,61,248,224,28,54,7,0,6,27,8,3,22,35,.241,.310,.353,.663,82,.315,91,79,4,1,0,1,1,46/D,,lopezot01
158,Wilyer Abreu*,26,BOS,AL,1.8,68,247,221,29,56,9,0,13,36,4,2,24,58,.253,.324,.471,.794,119,.338,114,104,4,0,0,2,4,*9H,,abreuwi02
159,Will Smith,30,LAD,NL,3.3,62,247,204,38,67,15,1,9,42,2,3,36,44,.328,.425,.544,.969,173,.411,171,111,3,2,0,5,0,*2/H,,smithwi05
160,Jasson Domínguez#,22,NYY,AL,0.2,65,246,211,32,51,11,0,6,27,10,1,30,69,.242,.333,.379,.712,100,.330,103,80,4,1,0,4,0,7D/H,,dominja01
161,Austin Wells*,25,NYY,AL,0.4,66,246,218,26,48,13,1,11,44,3,1,16,61,.220,.280,.440,.721,99,.311,94,96,7,5,0,7,0,*2/H,,wellsau01
162,Alec Burleson*,26,STL,NL,1.0,68,245,228,25,70,11,0,9,32,3,0,14,32,.307,.344,.474,.818,126,.355,123,108,7,0,0,2,1,3D9/H71,,burleal01
163,Isiah Kiner-Falefa,30,PIT,NL,1.1,67,245,225,22,62,10,2,1,18,9,3,12,38,.276,.322,.351,.673,87,.316,93,79,4,4,3,1,0,*6/5,,kineris01
164,Cam Smith,22,HOU,AL,1.6,64,243,219,29,58,13,1,5,27,3,1,21,64,.265,.337,.402,.739,108,.332,111,88,5,3,0,0,0,*9,,smithca07
165,Ryan Jeffers,28,MIN,AL,1.0,62,242,210,24,52,14,0,6,27,0,0,28,47,.248,.347,.400,.747,108,.331,108,84,7,4,0,0,1,2D/H,,jeffery01
166,Santiago Espinal,30,CIN,NL,-0.8,69,239,221,19,54,10,0,0,12,2,1,16,25,.244,.295,.290,.585,59,.261,49,64,9,0,2,0,0,54/7H96,,espinsa01
167,Logan O'Hoppe,25,LAA,AL,0.5,64,239,227,25,53,3,0,17,37,0,1,10,80,.233,.268,.471,.739,102,.321,104,107,4,1,0,1,0,2/HD,,ohopplo01
168,Javier Báez,32,DET,AL,2.3,66,238,224,37,65,12,1,9,36,1,1,8,51,.290,.328,.473,.801,125,.347,125,106,3,5,0,1,0,865/4H,,baezja01
169,Jorge Polanco#,31,SEA,AL,0.6,64,238,218,26,55,9,0,11,36,3,2,14,32,.252,.300,.445,.745,116,.323,117,97,3,2,1,3,0,D/4H53,,polanjo01
170,Brooks Lee#,24,MIN,AL,0.4,62,237,223,20,62,7,0,7,28,1,1,11,46,.278,.312,.404,.716,98,.311,94,90,3,1,0,2,0,546/H,,leebr02
171,Michael Toglia#,26,COL,NL,-1.0,61,237,214,17,43,9,1,9,26,3,0,20,91,.201,.270,.379,.649,72,.285,63,81,4,1,0,2,2,*3/DH,,toglimi01
172,Adam Frazier*,33,PIT,NL,0.4,68,236,213,20,54,9,0,3,20,6,5,15,37,.254,.315,.338,.653,82,.292,80,72,8,5,1,2,2,47/H9,,fraziad01
173,Tommy Edman#,30,LAD,NL,1.5,60,233,214,33,53,10,1,10,38,3,1,11,37,.248,.292,.444,.736,105,.333,111,95,4,4,0,4,0,48/H,,edmanto01
174,Lenyn Sosa,25,CHW,AL,0.5,64,233,226,20,61,12,1,4,17,1,0,6,56,.270,.289,.385,.674,88,.298,86,87,3,0,1,0,0,*43/H5D,,sosale01
175,Colt Keith*,23,DET,AL,0.6,69,232,202,32,49,12,1,6,24,0,0,28,47,.243,.332,.401,.733,108,.325,108,81,4,0,0,2,0,D43H/5,,keithco01
176,Tyrone Taylor,31,NYM,NL,1.0,71,232,211,22,48,10,3,2,15,9,1,10,50,.227,.287,.332,.619,78,.287,78,70,2,8,1,1,1,*8/H79,,tayloty01
177,Shea Langeliers,27,ATH,AL,0.3,56,230,207,25,49,10,0,10,27,4,1,20,43,.237,.300,.430,.730,102,.317,98,89,6,0,0,3,1,2/DH,,langesh01
178,Luis Urías,28,ATH,AL,0.9,63,230,198,22,50,7,0,7,17,2,0,24,30,.253,.339,.394,.733,106,.334,111,78,7,3,0,2,0,*4/5H,,uriaslu01
179,Pavin Smith*,29,ARI,NL,1.0,70,229,190,30,51,13,1,8,25,2,2,38,71,.268,.389,.474,.862,139,.379,142,90,6,0,0,1,1,D3H,,smithpa04
180,Chase Meidroth,23,CHW,AL,1.1,55,228,202,25,54,5,0,2,9,9,3,26,34,.267,.351,.322,.673,92,.318,99,65,5,0,0,0,0,64/H,,meidrch01
181,Carlos Narváez,26,BOS,AL,2.3,59,227,201,30,55,16,0,6,23,1,1,26,57,.274,.357,.443,.800,122,.348,122,89,5,0,0,0,0,*2/HD,,narvaca01
182,Alex Bregman,31,BOS,AL,2.9,51,226,197,32,59,17,0,11,35,1,1,22,42,.299,.385,.553,.938,159,.402,162,109,3,6,0,1,1,5,,bregmal01
183,Nick Allen,26,ATL,NL,0.7,68,225,197,21,44,7,0,0,13,6,4,19,48,.223,.297,.259,.556,57,.254,52,51,4,3,3,3,0,*6/H,,allenni02
184,JJ Bleday*,27,ATH,AL,-0.2,59,225,197,29,39,10,0,8,22,1,2,27,53,.198,.293,.371,.664,85,.292,84,73,4,0,0,1,1,*8/7HD,,bledajj01
185,Ketel Marte#,31,ARI,NL,2.9,52,225,190,45,60,11,0,14,31,2,1,31,31,.316,.422,.595,1.017,180,.432,180,113,6,4,0,0,4,4/DH,,marteke01
186,Trey Sweeney*,25,DET,AL,-0.3,69,223,203,27,45,5,1,4,23,2,1,17,57,.222,.278,.315,.593,69,.267,66,64,2,0,0,3,0,*6/H,,sweentr01
187,Agustín Ramírez,23,MIA,NL,-0.3,52,222,206,24,48,11,0,11,27,1,2,15,38,.233,.284,.447,.730,97,.311,91,92,6,0,0,1,0,D2/H,,ramirag01
188,Jesús Sánchez*,27,MIA,NL,0.2,56,222,198,23,49,8,2,7,28,8,1,21,50,.247,.320,.414,.734,100,.329,97,82,5,1,0,2,0,*98/H7D,,sanchje02
189,Mike Trout,33,LAA,AL,0.3,52,221,187,25,42,2,1,12,28,2,0,29,62,.225,.330,.439,.769,114,.329,107,82,3,2,0,3,5,D9/H,,troutmi01
190,Dillon Dingler,26,DET,AL,1.5,60,220,209,23,57,9,1,7,31,0,0,6,57,.273,.305,.426,.730,105,.320,105,89,2,4,0,1,0,*2/H,,dingldi01
191,Ángel Martínez#,23,CLE,AL,-0.3,60,220,209,24,50,10,1,5,25,5,0,6,45,.239,.261,.368,.630,75,.279,67,77,5,1,2,2,0,84/H97,,martian02
192,Harrison Bader,31,MIN,AL,1.6,70,219,191,21,48,10,0,7,27,7,3,20,53,.251,.338,.414,.752,108,.335,110,79,3,6,0,2,0,*78/H9,,baderha01
193,Willi Castro#,28,MIN,AL,0.9,56,218,193,34,54,11,1,7,17,3,1,20,53,.280,.362,.456,.818,127,.358,127,88,3,5,0,0,1,4795/618,,castrwi01
194,Caleb Durbin,25,MIL,NL,1.0,58,217,187,25,43,10,0,3,26,6,3,13,21,.230,.316,.332,.648,84,.297,86,62,3,12,2,3,0,*5/4H,,durbica01
195,Kameron Misner*,27,TBR,AL,0.7,71,217,197,27,42,9,1,5,22,8,1,16,69,.213,.273,.345,.618,75,.282,72,68,1,1,1,2,0,*89/7HD,,misneka01
196,Alek Thomas*,25,ARI,NL,0.1,68,216,200,22,49,9,2,3,19,4,2,10,52,.245,.293,.355,.648,80,.291,77,71,2,4,1,1,0,*8/HD,,thomaal01
197,Jake Cronenworth*,31,SDP,NL,0.8,54,209,173,23,42,8,1,6,21,2,1,29,42,.243,.356,.405,.760,112,.343,115,70,2,3,1,3,0,4/3H,,croneja01
198,Jonah Heim#,30,TEX,AL,0.2,59,209,196,17,44,5,0,7,20,3,0,10,48,.224,.263,.357,.620,78,.287,83,70,5,1,0,2,0,2D/H,,heimjo01
199,Michael Massey*,27,KCR,AL,-0.9,56,209,198,10,40,5,0,2,14,1,0,5,32,.202,.221,.258,.479,34,.210,20,51,3,1,1,4,0,4/7DH,,massemi02
200,Anthony Santander#,30,TOR,AL,-0.9,50,209,184,14,33,5,0,6,18,0,0,24,55,.179,.273,.304,.577,61,.259,55,56,6,0,0,1,1,D9/7H3,,santaan02
201,Ramón Urías,31,BAL,AL,0.8,55,209,184,20,47,7,0,5,25,1,0,17,42,.255,.311,.375,.686,97,.301,93,69,4,1,0,7,0,5/HD34,,uriasra01
202,Connor Norby,25,MIA,NL,0.1,55,208,194,25,46,10,1,4,20,6,2,11,59,.237,.288,.361,.649,78,.303,82,70,2,3,0,0,0,*5/HD,,norbyco01
203,Mark Vientos,25,NYM,NL,-0.4,53,208,187,22,43,8,1,6,21,0,0,17,49,.230,.298,.380,.678,94,.307,98,71,5,2,0,2,0,5D/H,,vientma01
204,Mickey Moniak*,27,COL,NL,0.0,66,207,192,27,47,6,5,11,27,3,2,13,51,.245,.295,.500,.795,109,.335,102,96,0,1,0,1,1,*98/H7D,,moniami01
205,Andrew Benintendi*,30,CHW,AL,0.2,51,205,184,23,44,9,2,8,29,0,0,15,35,.239,.299,.440,.739,105,.327,108,81,3,2,0,3,1,7D/H,,beninan01
206,José Caballero,28,TBR,AL,1.6,64,205,175,26,39,11,1,2,22,29,6,25,60,.223,.328,.331,.660,89,.322,91,58,0,3,1,1,0,659/H748D,,cabaljo01
207,Bo Naylor*,25,CLE,AL,0.6,58,204,174,25,31,6,1,9,20,1,1,27,57,.178,.286,.379,.665,85,.295,84,66,3,0,1,2,0,*2/H,,naylobo01
208,Ben Williamson,24,SEA,AL,0.6,56,204,193,27,49,8,0,1,13,2,1,9,52,.254,.291,.311,.602,78,.267,75,60,4,1,1,0,0,*5/H,,willibe03
209,Taylor Walls#,28,TBR,AL,2.2,66,203,176,25,39,7,1,2,25,9,6,22,43,.222,.302,.307,.609,74,.272,72,54,1,0,1,4,0,*6/HD,,wallsta01
210,Andrés Giménez*,26,TOR,AL,0.6,51,201,177,22,34,6,0,4,14,9,1,14,32,.192,.280,.294,.574,61,.279,64,52,3,8,1,1,0,4/H,,gimenan01
211,Tyler Fitzgerald,27,SFG,NL,1.0,57,200,178,17,41,8,1,2,10,9,4,13,53,.230,.289,.320,.609,76,.282,78,57,3,2,6,1,0,*4/H,,fitzgty01
212,Nolan Jones*,27,CLE,AL,-0.8,68,200,176,13,38,8,1,3,19,4,3,20,51,.216,.302,.324,.625,76,.281,75,57,4,2,1,1,1,*98H/7D,,jonesno01
213,Ryan Mountcastle,28,BAL,AL,0.2,52,200,187,19,46,13,0,2,15,1,0,8,46,.246,.280,.348,.628,80,.300,92,65,6,2,0,3,0,3/DH,,mountry01
214,Corey Seager*,31,TEX,AL,1.6,47,199,175,20,41,6,0,7,16,0,0,22,41,.234,.322,.389,.710,106,.309,102,68,5,1,0,1,2,6/D,,seageco01
215,Jazz Chisholm Jr.*,27,NYY,AL,1.8,48,198,169,26,40,7,0,10,28,10,2,23,57,.237,.338,.456,.794,121,.362,127,77,2,4,0,2,0,45/H,,chishja01
216,Kyle Isbel*,28,KCR,AL,0.8,68,198,181,19,45,6,3,3,15,2,1,6,35,.249,.268,.365,.633,76,.272,65,66,3,0,8,3,0,*8/H,,isbelky01
217,Drew Waters#,26,KCR,AL,0.1,61,198,187,21,49,6,3,1,14,5,2,9,51,.262,.303,.342,.645,81,.304,89,64,2,2,0,0,0,*798/H,,waterdr01
218,Pedro Pagés,26,STL,NL,0.7,59,197,181,22,40,9,0,5,22,0,0,12,47,.221,.272,.354,.625,73,.279,70,64,5,1,2,1,0,*2/34,,pagespe02
219,Alex Verdugo*,29,ATL,NL,-0.1,51,197,182,20,45,10,0,0,12,1,0,13,28,.247,.305,.302,.607,70,.279,68,55,0,2,0,0,0,7/H,,verdual01
220,Patrick Bailey#,26,SFG,NL,0.1,60,195,173,19,33,9,1,1,16,0,0,17,62,.191,.259,.272,.531,54,.245,53,47,3,0,2,3,0,*2/H,,bailepa01
221,Addison Barger*,25,TOR,AL,1.2,54,195,178,25,47,16,0,8,24,1,0,16,45,.264,.328,.489,.817,124,.348,120,87,1,1,0,0,2,59/H,,bargead01
222,Jackson Merrill*,22,SDP,NL,1.3,46,195,179,26,55,11,2,5,26,1,2,13,41,.307,.354,.475,.829,128,.358,128,85,2,1,0,2,1,8,,merrija01
223,Andrew Vaughn,27,CHW,AL,-1.6,48,193,185,9,35,8,0,5,19,0,0,7,43,.189,.218,.314,.531,48,.231,37,58,4,0,0,1,0,3D/H,,vaughan01
224,Joey Bart,28,PIT,NL,-0.1,50,192,166,9,40,5,1,1,13,1,0,23,48,.241,.344,.301,.645,81,.302,83,50,10,3,0,0,0,2/HD,,bartjo01
225,Jordan Walker,23,STL,NL,-1.0,55,191,176,21,37,4,1,3,23,3,2,12,63,.210,.267,.295,.562,57,.260,57,52,3,2,0,1,0,*9/H,,walkejo02
226,LaMonte Wade Jr.*,31,2TM,2LG,-1.2,59,191,163,15,28,8,2,1,15,1,0,22,43,.172,.280,.264,.544,58,.257,60,43,2,3,2,1,1,3H/9D7,,wadela01
227,LaMonte Wade Jr.*,31,SFG,NL,-1.2,50,169,144,12,24,8,2,1,15,0,0,21,35,.167,.275,.271,.546,59,.256,60,39,2,1,2,1,1,3/HD,,wadela01
228,LaMonte Wade Jr.*,31,LAA,AL,0.0,9,22,19,3,4,0,0,0,0,1,0,1,8,.211,.318,.211,.529,53,.267,54,4,0,2,0,0,0,/9H37,,wadela01
229,Danny Jansen,30,TBR,AL,1.4,52,188,163,17,32,5,0,7,19,0,0,22,46,.196,.303,.356,.659,87,.301,90,58,3,3,0,0,0,2/H,,janseda01
230,Gabriel Moreno,25,ARI,NL,0.5,53,188,174,29,47,8,1,5,20,1,1,13,32,.270,.324,.414,.738,104,.322,100,72,4,1,0,0,0,2/H,,morenga01
231,Daniel Schneemann*,28,CLE,AL,1.2,59,187,167,22,39,7,0,8,21,5,1,19,47,.234,.312,.419,.731,103,.329,105,70,4,0,1,0,1,4/H58697,,schneda04
232,Carson Kelly,30,CHC,NL,2.3,49,186,158,28,40,5,1,9,26,0,0,26,31,.253,.360,.468,.829,137,.371,144,74,5,1,0,1,0,2/HD,,kellyca02
233,Brett Baty*,25,NYM,NL,0.9,57,185,171,17,37,4,2,8,24,3,0,11,49,.216,.266,.404,.670,90,.307,95,69,2,1,0,1,0,54/HD,,batybr01
234,Alex Call,30,WSN,NL,0.7,54,185,150,23,41,7,2,2,17,1,0,21,25,.273,.378,.387,.764,120,.350,126,58,4,6,5,3,0,97/HD,,callal02
235,Rowdy Tellez*,30,SEA,AL,-0.6,62,185,173,20,36,6,0,11,27,1,0,8,49,.208,.249,.434,.682,96,.292,92,75,6,2,0,2,0,*3/HD,,tellero01
236,Tommy Pham,37,PIT,NL,-0.4,53,184,162,15,35,6,0,1,14,3,1,18,48,.216,.293,.272,.565,58,.270,61,44,8,1,0,3,1,7/9HD,,phamth01
237,Kyle Farmer,34,COL,NL,-0.2,56,183,172,8,40,14,0,3,17,0,0,9,39,.233,.273,.366,.640,70,.285,65,63,6,1,0,1,0,463/DH5,,farmeky01
238,Victor Caratini#,31,HOU,AL,0.2,52,181,163,17,41,7,0,5,17,0,0,10,32,.252,.315,.387,.701,97,.309,94,63,7,6,0,2,0,2D/H3,,caratvi01
239,Miguel Andujar,30,ATH,AL,-0.1,46,180,169,19,50,7,1,3,20,1,0,9,23,.296,.328,.402,.730,104,.323,103,68,5,0,0,2,0,75/H9D3,,andujmi01
240,Leody Taveras#,26,2TM,AL,-0.5,58,180,171,13,35,6,1,3,17,9,3,5,50,.205,.226,.304,.530,54,.239,49,52,0,0,3,1,0,*89/H,,taverle01
241,Leody Taveras#,26,TEX,AL,0.0,30,82,79,7,19,3,1,1,8,6,1,2,23,.241,.259,.342,.601,73,.271,65,27,0,0,1,0,0,8/H,,taverle01
242,Leody Taveras#,26,SEA,AL,-0.6,28,98,92,6,16,3,0,2,9,3,2,3,27,.174,.198,.272,.470,37,.212,35,25,0,0,2,1,0,9/8H,,taverle01
243,Sean Murphy,30,ATL,NL,1.3,47,178,153,15,34,5,0,9,22,0,0,18,53,.222,.320,.431,.752,107,.333,107,66,2,5,0,2,1,2/HD,,murphse01
244,Matt Shaw,23,CHC,NL,0.9,48,178,160,22,35,9,0,2,9,8,1,16,37,.219,.298,.313,.610,77,.283,74,50,0,2,0,0,0,5/H,,shawma01
245,Elias Díaz,34,SDP,NL,-0.2,61,177,160,20,33,5,0,4,11,0,0,15,46,.206,.278,.313,.591,65,.268,61,50,7,1,1,0,0,*2H,,diazel01
246,Edgar Quero#,22,CHW,AL,0.3,51,177,159,8,43,7,0,0,17,0,1,15,34,.270,.339,.314,.653,86,.300,90,50,3,2,0,1,0,2H/D,,queroed01
247,Dylan Crews,23,WSN,NL,0.4,45,173,158,24,31,2,1,7,15,11,3,11,48,.196,.266,.354,.620,76,.286,76,56,0,4,0,0,0,98,,crewsdy01
248,Javier Sanoja,22,MIA,NL,0.2,59,173,156,18,37,10,1,1,15,3,4,10,25,.237,.278,.333,.611,68,.265,61,52,0,0,4,3,0,47/8H6513,,sanojja01
249,Isaac Collins#,27,MIL,NL,1.3,60,172,146,22,38,7,1,4,19,8,3,22,40,.260,.363,.404,.767,117,.355,126,59,2,2,1,1,0,7H/D459,,colliis01
250,Christopher Morel,26,TBR,AL,0.2,57,172,156,24,35,11,0,6,18,4,2,14,59,.224,.297,.410,.707,99,.323,107,64,2,2,0,0,0,7H/9D,,morelch01
251,Iván Herrera,25,STL,NL,1.0,42,171,150,22,48,8,0,8,36,1,0,16,32,.320,.392,.533,.925,156,.401,156,80,7,3,0,2,0,D2/H,,herreiv01
252,Brandon Marsh*,27,PHI,NL,-0.5,58,171,148,20,38,9,1,2,16,3,1,20,42,.257,.341,.372,.713,96,.320,95,55,1,0,1,2,0,*87H/9,,marshbr02
253,Jeff McNeil*,33,NYM,NL,1.1,47,171,148,15,36,5,3,8,23,1,0,19,17,.243,.333,.480,.813,131,.354,131,71,4,2,0,2,2,48/7HD9,,mcneije01
254,Ramón Laureano,30,BAL,AL,1.7,52,170,152,21,39,8,0,9,22,2,1,14,50,.257,.324,.487,.810,130,.348,129,74,4,2,0,2,1,97/HD8,,laurera01
255,Dylan Moore,32,SEA,AL,1.0,59,169,153,23,35,4,0,8,16,9,4,14,56,.229,.290,.412,.702,104,.316,110,63,1,0,0,2,0,4H935/6D8,,mooredy01
256,Eli White,31,ATL,NL,0.3,60,169,160,24,39,7,3,3,15,5,1,7,39,.244,.280,.381,.661,82,.304,84,61,2,1,1,0,1,*79H/D8,,whiteel04
257,Nolan Gorman*,25,STL,NL,0.1,50,167,142,21,30,8,1,5,20,0,1,22,49,.211,.311,.387,.699,94,.308,93,55,1,0,0,3,1,45D/H3,,gormano01
258,Heston Kjerstad*,26,BAL,AL,-1.4,54,167,156,16,30,5,2,4,19,1,0,6,45,.192,.240,.327,.566,61,.255,59,51,9,4,0,1,0,79/HD,,kjershe01
259,Tyler Stephenson,28,CIN,NL,0.5,40,167,149,19,36,9,0,6,24,0,1,17,61,.242,.317,.423,.740,98,.330,101,63,3,0,0,1,1,2D,,stephty01
260,Jacob Young,25,WSN,NL,0.2,55,165,142,17,34,5,1,0,6,6,8,14,22,.239,.316,.289,.605,75,.263,75,41,4,2,7,0,0,8/HD,,youngja03
261,Drake Baldwin*,24,ATL,NL,1.8,51,164,150,17,44,4,0,8,25,0,0,14,26,.293,.354,.480,.834,130,.371,135,72,5,0,0,0,0,2H/D,,baldwdr01
262,Jose Iglesias,35,SDP,NL,-0.4,54,164,146,10,34,5,0,0,19,2,1,9,26,.233,.296,.267,.563,59,.273,65,39,3,5,2,2,0,46H/5D7,,iglesjo01
263,Kiké Hernández,33,LAD,NL,0.6,63,163,147,21,31,5,0,7,18,0,0,14,42,.211,.278,.388,.666,86,.304,91,57,6,0,1,1,0,347H/581D,,hernaen02
264,Starling Marte,36,NYM,NL,0.5,51,160,138,19,35,6,0,4,18,4,2,12,27,.254,.346,.384,.730,111,.332,116,53,3,8,1,1,0,DH/79,,martest01
265,Jake Mangum#,29,TBR,AL,0.9,43,159,148,15,47,8,0,1,23,10,0,9,21,.318,.361,.392,.753,115,.342,110,58,2,1,1,0,0,789/H,,manguja01
266,Dane Myers,29,MIA,NL,1.3,50,159,147,17,47,8,0,4,20,8,4,10,36,.320,.371,.456,.827,126,.369,131,67,6,2,0,0,0,8/H9,,myersda01
267,Luisangel Acuña,23,NYM,NL,0.2,65,158,145,23,35,6,0,0,6,11,1,10,29,.241,.293,.283,.576,67,.273,63,41,5,1,1,1,0,*4H/658,,acunajo01
268,Nick Kurtz*,22,ATH,AL,0.4,40,158,142,18,35,5,1,10,25,0,1,13,51,.246,.304,.507,.811,123,.342,120,72,3,0,0,3,1,3/D,,kurtzni01
269,Jose Trevino,32,CIN,NL,1.6,49,157,144,21,44,17,0,4,15,0,0,10,18,.306,.346,.507,.853,127,.366,124,73,3,0,1,2,0,2/DH,,trevijo01
270,Mauricio Dubón,30,HOU,AL,1.3,55,156,145,19,37,9,0,5,18,2,0,9,13,.255,.297,.421,.717,100,.312,94,61,5,0,1,1,0,47/56H398,,dubonma01
271,Michael A. Taylor,34,CHW,AL,0.2,68,156,140,20,29,9,1,4,17,7,2,14,59,.207,.277,.371,.649,81,.287,75,52,2,0,1,1,0,*97H8/D,,taylomi02
272,Nathan Lukes*,30,TOR,AL,0.7,52,155,131,19,35,3,0,4,22,1,2,17,20,.267,.358,.382,.739,107,.325,107,50,8,2,4,1,1,978/H,,lukesna01
273,José Tena*,24,WSN,NL,0.4,44,154,137,18,34,12,2,0,13,2,1,15,33,.248,.325,.365,.690,97,.306,95,50,4,1,0,1,0,5/H4,,tenajo01
274,Alexander Canario,25,PIT,NL,0.0,46,152,140,15,30,3,1,3,10,2,1,12,49,.214,.276,.314,.591,64,.278,67,44,3,0,0,0,0,79/8H,,canaral01
275,Tim Tawa,26,ARI,NL,0.6,52,151,133,20,30,6,0,6,14,7,2,13,39,.226,.293,.406,.699,92,.312,89,54,3,1,1,3,0,48H/7395,,tawati01
276,Liam Hicks*,26,MIA,NL,0.9,48,149,128,15,36,7,1,4,26,0,0,15,21,.281,.367,.445,.813,123,.359,123,57,1,3,2,1,0,2H/D3,,hicksli01
277,Matt Thaiss*,30,2TM,AL,1.2,45,149,117,15,27,5,0,1,13,1,1,28,36,.231,.385,.299,.684,98,.326,109,35,2,2,1,1,0,2/H3D,,thaisma01
278,Matt Thaiss*,30,CHW,AL,0.9,35,110,85,11,18,4,0,1,8,1,1,23,21,.212,.382,.294,.676,95,.326,108,25,2,1,0,1,0,2/H3D,,thaisma01
279,Matt Thaiss*,30,TBR,AL,0.3,10,39,32,4,9,1,0,0,5,0,0,5,15,.281,.395,.313,.707,105,.329,111,10,0,1,1,0,0,2,,thaisma01
280,Joc Pederson*,33,TEX,AL,-0.8,46,146,122,10,16,5,1,2,6,1,0,20,28,.131,.269,.238,.507,50,.241,51,29,4,3,0,0,0,D/H3,,pederjo01
281,Brooks Baldwin#,24,CHW,AL,-1.3,47,145,133,9,28,6,0,3,16,2,0,7,41,.211,.252,.323,.575,61,.253,51,43,7,1,2,2,0,7H46/985,,baldwbr01
282,Jake Fraley*,30,CIN,NL,0.6,47,145,125,24,28,4,0,5,17,4,2,19,28,.224,.331,.376,.707,91,.326,95,47,0,1,0,0,0,9/HD,,fraleja01
283,Joshua Palacios*,29,CHW,AL,-1.1,51,145,128,11,26,4,0,3,9,0,0,12,36,.203,.292,.305,.596,69,.278,72,39,0,4,1,0,0,97/HD,,palacjo01
284,Luis Torrens,29,NYM,NL,0.6,47,145,131,7,29,9,1,1,13,0,0,13,31,.221,.297,.328,.625,80,.289,85,43,3,1,0,0,0,2/HD3,,torrelu01
285,Matt Wallner*,27,MIN,AL,0.2,38,145,128,15,26,7,2,6,10,0,0,14,43,.203,.297,.430,.726,99,.326,104,55,1,3,0,0,0,9/DH,,wallnma01
286,Freddy Fermin,30,KCR,AL,0.9,45,143,132,12,34,4,0,2,8,0,1,9,23,.258,.310,.333,.643,81,.279,74,44,1,1,1,0,1,2/HD,,fermifr01
287,Josh Lowe*,27,TBR,AL,1.2,35,143,126,24,29,7,0,4,12,5,1,15,33,.230,.317,.381,.698,98,.315,98,48,2,1,1,0,0,9/HD,,lowejo01
288,Jordan Westburg,26,BAL,AL,0.6,34,142,131,20,30,4,1,7,14,1,1,9,37,.229,.289,.435,.724,105,.328,115,57,2,2,0,0,0,54D,,westbjo01
289,Kyren Paris,23,LAA,AL,0.8,43,140,126,20,24,4,1,6,11,7,1,10,59,.190,.266,.381,.647,79,.305,84,48,1,3,0,0,0,84/H7D,,parisky01
290,Jared Triolo,27,PIT,NL,0.5,48,140,120,11,21,6,0,3,9,5,1,16,22,.175,.275,.300,.575,60,.279,63,36,3,1,2,1,1,364/5HD,,triolja01
291,Mitch Garver,34,SEA,AL,0.2,44,139,120,13,25,3,0,3,16,3,0,18,41,.208,.317,.308,.625,86,.291,89,37,4,1,0,0,0,D2H,,garvemi01
292,Miles Mastrobuoni*,29,SEA,AL,0.2,57,139,120,17,30,3,0,1,9,4,3,15,22,.250,.331,.300,.631,88,.284,89,36,2,0,3,1,0,H549/7,,mastrmi01
293,Myles Straw,30,TOR,AL,0.9,61,139,129,19,34,7,0,1,14,5,1,5,17,.264,.291,.341,.632,76,.280,65,44,4,0,5,0,0,*8H7/49,,strawmy01
294,Francisco Alvarez,23,NYM,NL,0.6,35,138,123,10,29,3,0,3,11,0,0,13,38,.236,.319,.333,.652,89,.302,94,41,3,2,0,0,0,2,,alvarfr01
295,Ezequiel Tovar,23,COL,NL,0.4,32,138,128,14,33,6,2,3,10,2,2,7,30,.258,.301,.406,.708,88,.312,87,52,2,1,2,0,0,6,,tovarez01
296,Johan Rojas,24,PHI,NL,0.2,57,137,121,17,27,2,2,1,15,9,2,10,34,.223,.278,.298,.576,59,.266,50,36,1,0,4,2,0,8H/D,,rojasjo03
297,Max Muncy,22,ATH,AL,-0.3,38,136,128,9,25,4,0,5,16,1,0,6,44,.195,.235,.344,.579,60,.259,56,44,1,1,0,1,0,45/H6,,muncyma02
298,Christian Vázquez,34,MIN,AL,0.2,41,135,123,10,22,6,0,2,9,0,1,11,24,.179,.244,.276,.521,45,.245,47,34,2,0,0,1,0,2/H,,vazquch01
299,Matt Mervis*,27,MIA,NL,-0.8,42,134,120,15,21,4,0,7,14,0,0,11,50,.175,.254,.383,.637,72,.290,73,46,1,2,0,1,1,3D/H,,mervima01
300,Abraham Toro#,28,BOS,AL,0.3,36,134,127,17,37,9,0,5,13,0,0,4,22,.291,.321,.480,.801,120,.363,132,61,0,2,0,1,0,3/5H1,,toroab01
301,Chandler Simpson*,24,TBR,AL,-0.1,35,133,123,17,35,4,0,0,11,19,3,6,14,.285,.315,.317,.632,81,.313,82,39,3,0,1,1,0,87/H9,,simpsch01
302,Kody Clemens*,29,2TM,2LG,0.5,50,133,116,16,23,5,1,7,17,0,1,12,30,.198,.288,.440,.728,99,.311,95,51,1,3,1,1,0,4H/3978D,,clemeko01
303,Kody Clemens*,29,PHI,NL,-0.1,7,7,6,0,0,0,0,0,0,0,0,1,0,.000,.143,.000,.143,-56,.100,-61,0,0,0,0,0,0,/H47D,,clemeko01
304,Kody Clemens*,29,MIN,AL,0.6,43,126,110,16,23,5,1,7,17,0,1,11,30,.209,.296,.464,.760,108,.322,104,51,1,3,1,1,0,4/3H978,,clemeko01
305,Austin Hays,29,CIN,NL,1.1,31,130,119,23,36,6,3,6,25,2,0,8,32,.303,.346,.555,.901,138,.383,134,66,2,1,0,2,1,7D/H,,haysau01
306,Kyle Higashioka,35,TEX,AL,-0.2,38,129,120,10,27,6,0,1,16,0,0,7,22,.225,.279,.300,.579,69,.259,66,36,2,2,0,0,0,2/DH,,higasky01
307,Josh Rojas*,31,CHW,AL,-0.7,41,129,115,8,21,5,0,0,6,4,1,12,35,.183,.258,.226,.484,39,.243,43,26,3,0,1,1,0,54/7H,,rojasjo01
308,Brendan Rodgers,28,HOU,AL,0.1,43,128,115,12,22,4,0,2,11,0,1,11,46,.191,.266,.278,.544,54,.265,65,32,2,1,0,1,0,4/HD,,rodgebr02
309,Randal Grichuk,33,ARI,NL,-0.1,50,127,115,17,28,10,1,3,15,0,0,9,26,.243,.291,.426,.717,97,.320,98,49,3,0,0,3,1,DH9/78,,grichra01
310,Amed Rosario,29,WSN,NL,0.2,38,127,119,16,33,7,0,4,16,1,0,5,16,.277,.315,.437,.752,112,.336,115,52,5,2,0,1,0,5/4HD169,,rosaram01
311,Oswald Peraza,25,NYY,AL,0.1,50,126,114,13,18,5,0,3,13,0,0,11,34,.158,.238,.281,.519,45,.233,38,32,3,1,0,0,0,54/6H,,perazos02
312,Will Benson*,27,CIN,NL,-0.1,37,125,108,15,23,5,0,6,21,1,2,12,34,.213,.288,.426,.714,90,.301,82,46,2,1,0,4,0,79/H8,,bensowi01
313,Travis d'Arnaud,36,LAA,AL,0.0,36,124,115,6,24,6,0,3,10,0,0,6,41,.209,.258,.339,.597,66,.262,59,39,2,2,0,1,0,2/HD,,darnatr01
314,Ronald Acuña Jr.,27,ATL,NL,2.2,28,122,101,30,40,5,0,9,16,3,0,21,27,.396,.500,.713,1.213,233,.513,235,72,1,0,0,0,2,9,,acunaro01
315,Oswaldo Cabrera#,26,NYY,AL,0.4,34,122,107,17,26,4,0,1,11,0,1,11,25,.243,.322,.308,.631,79,.304,93,33,1,2,1,1,0,5/H379,,cabreos01
316,Jonah Bride,29,2TM,2LG,-0.7,43,122,109,7,18,2,0,0,5,0,0,11,38,.165,.246,.183,.429,22,.223,26,20,1,1,0,1,1,5H/3D14,,bridejo01
317,Jonah Bride,29,MIA,NL,-0.5,12,45,40,3,4,0,0,0,2,0,0,5,15,.100,.200,.100,.300,-14,.162,-21,4,0,0,0,0,1,/D35H,,bridejo01
318,Jonah Bride,29,MIN,AL,-0.2,31,77,69,4,14,2,0,0,3,0,0,6,23,.203,.273,.232,.505,43,.257,54,16,1,1,0,1,0,5/H314D,,bridejo01
319,Yordan Alvarez*,28,HOU,AL,-0.5,29,121,100,7,21,4,0,3,18,1,0,16,21,.210,.306,.340,.646,82,.277,69,34,0,0,0,5,3,D/7,,alvaryo01
320,Spencer Horwitz*,27,PIT,NL,0.2,31,121,110,14,28,8,0,1,9,0,0,10,30,.255,.322,.355,.677,88,.300,83,39,4,1,0,0,1,3/H,,horwisp01
321,Tyler Freeman,26,COL,NL,0.1,38,119,99,17,32,6,1,1,10,8,3,11,9,.323,.412,.434,.846,128,.388,136,43,5,6,0,3,0,9/DH45,,freemty01
322,Justin Turner,40,CHC,NL,-0.4,42,119,101,7,20,2,0,1,12,1,0,13,20,.198,.286,.248,.533,56,.259,62,25,2,1,0,4,0,3HD/5,,turneju01
323,Tyler Wade*,30,SDP,NL,-0.5,50,119,100,12,22,1,2,0,9,1,2,14,30,.220,.322,.270,.592,68,.275,70,27,0,1,4,0,0,87H/49561D,,wadety01
324,Jake Bauers*,29,MIL,NL,0.3,47,118,100,13,23,5,0,5,18,4,0,17,38,.230,.339,.430,.769,116,.343,113,43,0,0,0,1,1,3H7/1D9,,bauerja01
325,José Herrera#,28,ARI,NL,0.1,33,118,95,11,18,4,0,1,8,0,0,16,28,.189,.306,.263,.569,61,.270,60,25,1,0,7,0,0,2/1,,herrejo04
326,Gio Urshela,33,ATH,AL,-0.7,35,116,105,4,25,10,1,0,14,0,0,9,19,.238,.298,.352,.651,82,.295,83,37,5,0,2,0,0,5/D,,urshegi01
327,Justyn-Henry Malloy,25,DET,AL,0.0,45,115,93,13,20,4,0,1,16,0,0,19,31,.215,.348,.290,.638,85,.302,91,27,1,1,0,2,0,DH9/7,,malloju02
328,Mike Tauchman*,34,CHW,AL,0.7,28,115,97,17,25,6,1,4,14,0,0,17,25,.258,.365,.464,.829,132,.369,139,45,1,0,0,1,0,9/DH,,tauchmi01
329,Henry Davis,25,PIT,NL,0.6,34,114,101,12,19,3,0,4,11,0,0,9,27,.188,.261,.337,.598,65,.284,71,34,0,1,1,0,0,2/H,,davishe01
330,Martín Maldonado,38,SDP,NL,-0.1,44,113,103,7,19,3,0,3,7,0,0,6,40,.184,.229,.301,.530,46,.245,42,31,3,0,4,0,0,2,,maldoma01
331,Yoán Moncada#,30,LAA,AL,0.6,30,113,97,16,23,6,1,6,19,0,0,13,32,.237,.336,.505,.841,132,.358,129,49,1,2,0,1,0,5/H,,moncayo01
332,Edmundo Sosa,29,PHI,NL,0.3,39,113,104,12,29,6,0,2,16,0,0,6,23,.279,.321,.394,.716,96,.321,96,41,2,1,1,1,0,45/H678D,,sosaed01
333,Triston Casas*,25,BOS,AL,-0.9,29,112,99,5,18,3,0,3,11,0,0,11,27,.182,.277,.303,.580,63,.265,60,30,3,2,0,0,2,3/H,,casastr01
334,Donovan Solano,37,SEA,AL,0.3,44,112,105,6,27,3,0,3,13,0,0,5,25,.257,.295,.371,.666,95,.298,97,39,3,1,0,1,0,3H/5,,solando01
335,David Hamilton*,27,BOS,AL,0.2,53,111,105,14,19,3,0,3,10,12,3,3,30,.181,.211,.295,.506,40,.234,27,31,1,1,2,0,0,4H/65D,,hamilda03
336,Nick Martini*,35,COL,NL,-0.3,43,111,102,9,23,4,0,1,4,0,0,9,18,.225,.288,.294,.582,57,.268,52,30,1,0,0,0,1,D9H/7,,martini02
337,Curtis Mead,24,TBR,AL,0.5,42,111,96,13,24,2,1,3,8,3,1,10,26,.250,.342,.385,.728,107,.334,113,37,3,4,0,1,0,34H/5D,,meadcu01
338,Royce Lewis,26,MIN,AL,0.1,30,110,99,10,20,4,0,2,9,0,0,11,16,.202,.282,.303,.585,63,.274,66,30,4,0,0,0,0,5/DH,,lewisro02
339,Mark Canha,36,KCR,AL,-0.9,41,109,97,8,23,3,0,0,4,0,1,7,20,.237,.303,.268,.571,63,.255,57,26,1,3,0,2,0,7H9/D3,,canhama01
340,Zach Dezenzo,25,HOU,AL,0.2,34,109,98,17,24,6,0,2,10,1,0,11,37,.245,.321,.367,.688,94,.315,98,36,2,0,0,0,0,79/D3H,,dezenza01
341,DJ LeMahieu,36,NYY,AL,0.6,33,109,98,9,24,3,0,2,10,0,0,11,24,.245,.321,.337,.658,86,.305,91,33,3,0,0,0,0,4/H,,lemahdj01
342,Christian Encarnacion-Strand,25,CIN,NL,-0.6,27,108,102,10,20,3,0,5,12,0,2,2,25,.196,.222,.373,.595,57,.246,45,38,1,2,0,2,0,3/5,,encarch01
343,Sam Haggerty#,31,TEX,AL,0.7,34,108,97,16,27,3,3,2,9,5,2,10,18,.278,.346,.433,.779,125,.362,140,42,0,0,1,0,1,87H/D94,,haggesa01
344,Hunter Renfroe,33,KCR,AL,-1.5,35,108,99,5,18,6,0,0,4,0,0,8,21,.182,.241,.242,.483,37,.217,26,24,4,0,0,1,0,9/HD,,renfrhu01
345,Dylan Carlson#,26,BAL,AL,0.1,37,107,100,10,26,4,0,4,12,2,2,6,28,.260,.299,.420,.719,105,.315,107,42,2,0,0,1,0,7/98H,,carlsdy01
346,Jhonkensy Noel,23,CLE,AL,-1.0,46,107,103,12,15,2,0,2,9,0,0,3,34,.146,.168,.223,.392,9,.180,-1,23,4,0,0,1,0,9H/D,,noeljh01
347,Miguel Rojas,36,LAD,NL,0.3,46,107,101,11,24,4,0,3,8,0,0,5,15,.238,.274,.366,.640,80,.280,73,37,5,0,1,0,0,46/H51,,rojasmi02
348,Andy Ibáñez,32,DET,AL,0.2,46,106,94,14,20,4,0,2,15,3,0,7,14,.213,.292,.319,.612,74,.279,70,30,5,4,0,1,0,5H/4D367,,ibanean01
349,Alan Roden*,25,TOR,AL,0.0,40,106,92,12,19,4,1,1,8,0,0,7,22,.207,.283,.304,.587,64,.261,57,28,0,4,0,3,0,7/9H8,,rodenal01
350,Romy González,28,BOS,AL,0.6,31,104,95,15,29,10,1,2,16,3,2,7,24,.305,.356,.495,.851,135,.375,143,47,1,1,0,1,1,3H/45D,,gonzaro01
351,Edouard Julien*,26,MIN,AL,-0.4,29,104,91,8,18,5,0,2,8,0,2,11,29,.198,.288,.319,.607,69,.263,65,29,2,1,0,1,0,4/DH6,,julieed01
352,Casey Schmitt,26,SFG,NL,1.0,32,104,91,11,26,4,0,4,15,0,0,10,26,.286,.369,.462,.830,138,.375,147,42,2,2,1,0,0,35/H46D,,schmica01
353,Lane Thomas,29,CLE,AL,-1.0,29,104,93,5,14,1,0,1,6,3,0,8,32,.151,.221,.194,.415,18,.208,15,18,3,1,0,2,0,8/H9D,,thomala02
354,Nick Fortes,28,MIA,NL,0.4,38,103,94,9,23,4,1,2,9,0,0,6,14,.245,.294,.372,.666,82,.291,74,35,4,1,1,1,0,2/HD,,forteni01
355,Adael Amador#,22,COL,NL,-1.1,33,102,89,3,13,4,0,1,5,1,1,10,25,.146,.240,.225,.465,26,.227,24,20,1,1,2,0,0,4/H,,amadoad01
356,Brayan Rocchio#,24,CLE,AL,-1.0,35,102,91,8,15,3,0,0,8,2,2,5,21,.165,.235,.198,.433,24,.197,15,18,3,4,0,2,0,6/H,,rocchbr01
357,Enmanuel Valdéz*,26,PIT,NL,0.1,31,102,91,7,19,4,2,2,12,0,0,11,16,.209,.294,.363,.657,81,.293,78,33,2,0,0,0,0,3/4H9,,valdeen01
358,Miguel Amaya,26,CHC,NL,0.9,27,100,93,14,26,9,0,4,25,0,0,4,22,.280,.313,.505,.819,131,.368,141,47,0,1,1,1,0,2/DH,,amayami01
359,Daulton Varsho*,28,TOR,AL,0.9,24,100,92,14,19,5,1,8,20,1,0,5,31,.207,.240,.543,.783,110,.318,97,50,0,0,0,3,1,8/DH,,varshda01
360,Vinny Capra,28,2TM,2LG,-0.7,44,99,91,10,10,2,0,1,6,2,0,3,23,.110,.144,.165,.309,-13,.165,-16,15,5,1,2,2,0,56H/41D,,capravi01
361,Vinny Capra,28,MIL,NL,-0.6,24,59,54,6,4,0,0,1,4,1,0,2,15,.074,.121,.130,.250,-29,.154,-21,7,4,1,1,1,0,5/H46D,,capravi01
362,Vinny Capra,28,CHW,AL,-0.1,20,40,37,4,6,2,0,0,2,1,0,1,8,.162,.179,.216,.396,11,.180,-7,8,1,0,1,1,0,/6541HD,,capravi01
363,Rob Refsnyder,34,BOS,AL,1.1,33,98,83,15,25,5,0,5,14,2,0,12,25,.301,.388,.542,.930,157,.417,169,45,3,1,0,2,1,9H/7D,,refsnro01
364,Max Schuemann,28,ATH,AL,0.9,53,96,79,10,18,1,2,1,5,3,1,14,15,.228,.354,.329,.683,94,.313,95,26,4,2,0,1,0,5H46/789,,schuema01
365,Jason Heyward*,35,SDP,NL,-0.6,34,95,85,9,15,2,0,2,12,0,1,6,20,.176,.223,.271,.494,37,.221,30,23,1,0,0,3,0,7/H98,,heywaja01
366,Brandon Lockridge,28,SDP,NL,-0.2,47,95,88,9,19,4,0,0,5,8,1,4,24,.216,.258,.261,.519,46,.248,35,23,2,1,2,0,0,78H/9,,lockrbr01
367,Luke Raley*,30,SEA,AL,0.6,27,95,77,12,19,3,0,3,13,2,1,10,22,.247,.379,.403,.782,131,.348,134,31,1,7,0,1,0,9/3HD8,,raleylu01
368,Jonatan Clase#,23,TOR,AL,0.0,27,93,84,8,17,3,0,2,7,3,0,7,25,.202,.272,.310,.581,62,.265,53,26,1,1,1,0,0,7/8HD,,clasejo01
369,Tyler O'Neill,30,BAL,AL,0.0,24,93,80,9,15,3,1,2,10,2,0,9,27,.188,.280,.325,.605,74,.279,74,26,1,2,0,2,1,9/H7D,,oneilty01
370,Jacob Stallings,35,COL,NL,-1.0,28,93,84,4,12,3,0,0,6,0,0,5,31,.143,.217,.179,.396,8,.189,-5,15,1,3,1,0,0,2/1H,,stallja01
371,Orlando Arcia,30,2TM,NL,-0.7,31,92,88,5,18,2,1,1,5,0,0,4,18,.205,.239,.284,.523,42,.243,37,25,2,0,0,0,0,6/435DH,,arciaor01
372,Orlando Arcia,30,ATL,NL,-0.1,14,32,31,1,6,1,0,0,1,0,0,1,8,.194,.219,.226,.445,24,.231,34,7,0,0,0,0,0,6/DH,,arciaor01
373,Orlando Arcia,30,COL,NL,-0.6,17,60,57,4,12,1,1,1,4,0,0,3,10,.211,.250,.316,.566,51,.249,39,18,2,0,0,0,0,/4365DH,,arciaor01
374,Jeimer Candelario#,31,CIN,NL,-0.9,22,91,80,3,9,2,0,2,10,0,1,9,29,.113,.198,.213,.410,11,.186,-1,17,1,0,0,2,0,5/3D,,candeje01
375,Tim Anderson,32,LAA,AL,0.0,31,90,83,8,17,3,0,0,3,1,1,3,29,.205,.258,.241,.499,42,.225,33,20,1,3,1,0,0,46/H,,anderti01
376,Evan Carter*,22,TEX,AL,0.9,27,89,78,13,20,3,0,4,10,6,1,8,13,.256,.348,.449,.797,130,.358,130,35,0,3,0,0,0,8/HD,,carteev01
377,Graham Pauley*,24,MIA,NL,-0.5,28,89,81,6,17,6,0,0,5,0,0,6,21,.210,.261,.284,.545,50,.243,40,23,1,0,1,1,0,5/438,,paulegr01
378,Jon Berti,35,CHC,NL,0.1,38,88,82,12,17,2,0,0,2,8,1,4,20,.207,.261,.232,.493,44,.251,46,19,1,2,0,0,0,5H/49,,bertijo01
379,Denzel Clarke,25,ATH,AL,0.5,27,87,84,9,16,2,0,1,3,4,0,2,39,.190,.218,.250,.468,31,.217,18,21,1,1,0,0,0,8/H,,clarkde02
380,Cavan Biggio*,30,KCR,AL,-0.2,37,83,69,9,12,2,0,1,4,1,0,11,21,.174,.296,.246,.543,55,.261,55,17,0,1,2,0,0,HD/93745,,biggica01
381,Hyeseong Kim*,26,LAD,NL,1.2,34,83,78,15,29,5,1,2,12,6,0,4,17,.372,.410,.538,.948,166,.439,176,42,0,1,0,0,0,48/H6,,kimhy02
382,Colton Cowser*,25,BAL,AL,0.4,21,82,76,8,16,3,0,6,11,1,0,3,27,.211,.268,.487,.755,112,.326,110,37,1,3,0,0,0,7/89,,cowseco01
383,Derek Hill,29,MIA,NL,0.9,23,82,73,11,17,4,0,2,5,6,0,6,29,.233,.300,.370,.670,83,.310,75,27,1,1,2,0,0,8/HD,,hillde01
384,Christian Koss,27,SFG,NL,0.5,34,81,73,7,16,0,0,1,9,1,0,4,22,.219,.269,.260,.530,54,.277,73,19,2,1,3,0,0,4/H561D,,kossch01
385,Connor Wong,29,BOS,AL,-0.2,29,81,70,6,11,0,0,0,1,1,0,9,18,.157,.259,.157,.416,21,.219,24,11,5,1,0,1,0,2/H3D,,wongco01
386,Nick Gonzales,26,PIT,NL,0.3,19,80,75,8,24,3,2,2,7,0,1,4,13,.320,.350,.493,.843,131,.355,127,37,3,0,0,1,0,4,,gonzani01
387,Robert Hassell III*,23,WSN,NL,-0.1,21,79,78,6,17,1,0,1,8,1,0,1,21,.218,.228,.269,.497,42,.234,41,21,1,0,0,0,0,8/9H,,hassero02
388,Kevin Newman,31,LAA,AL,-0.8,35,79,77,8,15,2,0,0,4,1,0,1,15,.195,.205,.221,.426,20,.204,13,17,1,0,1,0,0,56/43H,,newmake01
389,Garrett Mitchell*,26,MIL,NL,0.0,25,78,68,9,14,4,1,0,3,3,0,7,25,.206,.286,.294,.580,65,.270,60,20,0,1,1,1,0,8/H,,mitchga01
390,Wenceel Pérez#,25,DET,AL,0.5,22,78,71,13,21,5,1,6,13,1,0,4,16,.296,.346,.648,.994,175,.417,173,46,0,2,0,1,0,9/87H,,perezwe01
391,Austin Slater,32,CHW,AL,0.2,32,78,68,10,16,5,0,2,5,0,0,9,26,.235,.325,.397,.722,103,.328,108,27,1,0,1,0,0,H79/D38,,slateau01
392,Jesse Winker*,31,NYM,NL,0.1,24,78,67,8,16,5,2,1,10,1,0,9,20,.239,.321,.418,.738,111,.318,103,28,1,0,0,2,1,D/H7,,winkeje01
393,J.C. Escarra*,30,NYY,AL,0.3,30,77,65,5,16,5,0,2,9,1,0,9,10,.246,.338,.415,.753,110,.344,117,27,1,1,0,2,0,2/3H5D,,escarjc01
394,Marcelo Mayer*,22,BOS,AL,0.2,25,77,70,11,13,3,0,4,6,0,0,6,24,.186,.247,.400,.647,77,.279,70,28,2,0,0,1,0,5/H6,,mayerma01
395,Seth Brown*,32,ATH,AL,-0.7,38,76,65,6,12,2,0,1,3,1,0,9,23,.185,.303,.262,.564,61,.267,61,17,2,2,0,0,0,H7/89D,,brownse01
396,Luis Matos,23,SFG,NL,-0.5,24,76,72,9,12,2,0,4,7,2,0,4,10,.167,.211,.361,.572,61,.254,55,26,4,0,0,0,0,9/87DH,,matoslu02
397,Emmanuel Rivera,29,BAL,AL,0.5,25,76,69,3,16,3,0,0,3,1,0,6,12,.232,.303,.275,.578,69,.282,77,19,3,1,0,0,0,5/3HD1,,riverem01
398,Blake Dunn,26,CIN,NL,-0.2,30,75,60,10,9,2,0,1,7,1,1,8,25,.150,.320,.233,.553,53,.271,58,14,1,7,0,0,0,97/8HD,,dunnbl01
399,Sean Bouchard,29,COL,NL,-1.0,32,73,66,7,11,0,1,1,7,1,1,7,27,.167,.247,.242,.489,32,.236,32,16,2,0,0,0,0,9H/D73,,bouchse01
400,Austin Hedges,32,CLE,AL,0.1,27,73,63,5,7,0,0,3,4,1,0,8,25,.111,.208,.254,.462,29,.214,20,16,1,0,1,1,0,2/1,,hedgeau01
401,Tyler Heineman#,34,TOR,AL,1.4,26,73,66,16,26,5,0,2,11,2,0,3,11,.394,.417,.561,.977,169,.418,167,37,1,1,1,2,0,2/H,,heinety01
402,Noelvi Marté,23,CIN,NL,0.6,19,73,68,10,20,4,1,3,17,4,1,5,12,.294,.342,.515,.857,127,.388,135,35,2,0,0,0,0,5/H,,marteno01
403,Leo Rivas#,27,SEA,AL,0.5,30,73,60,14,17,1,0,0,4,4,0,12,15,.283,.411,.300,.711,115,.346,123,18,1,1,0,0,0,4/H6D17,,rivasle01
404,Austin Wynns,34,2TM,2LG,1.0,28,72,68,9,21,5,0,5,17,0,0,4,19,.309,.347,.603,.950,154,.416,164,41,2,0,0,0,0,2/H3D,,wynnsau01
405,Austin Wynns,34,CIN,NL,0.7,18,43,40,6,16,3,0,3,11,0,0,3,12,.400,.442,.700,1.142,202,.485,209,28,1,0,0,0,0,2/H3D,,wynnsau01
406,Austin Wynns,34,ATH,AL,0.3,10,29,28,3,5,2,0,2,6,0,0,1,7,.179,.207,.464,.671,81,.313,97,13,1,0,0,0,0,/2H,,wynnsau01
407,Griffin Conine*,27,MIA,NL,0.2,20,71,64,10,18,7,0,1,7,0,1,7,19,.281,.352,.438,.790,116,.355,125,28,0,0,0,0,0,7/9DH,,coningr01
408,DaShawn Keirsey Jr.*,28,MIN,AL,-1.3,49,70,67,7,7,0,0,1,4,5,3,2,22,.104,.143,.149,.292,-18,.144,-26,10,1,1,0,0,0,9H78/D,,keirsda01
409,Yohel Pozo,28,STL,NL,0.3,26,70,68,7,21,3,0,2,9,0,0,1,4,.309,.314,.441,.755,109,.328,105,30,1,0,0,1,0,2/H3D,,pozoyo01
410,Ben Rortvedt*,27,TBR,AL,-0.7,26,70,63,2,6,1,0,0,6,0,0,7,14,.095,.186,.111,.297,-12,.164,-10,7,0,0,0,0,0,2,,rortvbe01
411,Thairo Estrada,29,COL,NL,0.0,16,69,66,6,19,6,0,1,8,0,1,0,11,.288,.304,.424,.729,93,.315,92,28,3,2,0,1,0,4,,estrath01
412,Chris Taylor,34,2TM,2LG,-0.3,38,69,65,10,13,5,0,1,5,1,1,1,26,.200,.246,.323,.569,59,.247,52,21,1,3,0,0,0,7/84H9,,tayloch03
413,Chris Taylor,34,LAD,NL,-0.6,28,35,35,4,7,2,0,0,2,0,1,0,13,.200,.200,.257,.457,29,.181,13,9,1,0,0,0,0,7/8H49,,tayloch03
414,Chris Taylor,34,LAA,AL,0.4,10,34,30,6,6,3,0,1,3,1,0,1,13,.200,.294,.400,.694,93,.315,92,12,0,3,0,0,0,/9487,,tayloch03
415,Jacob Amaya,26,CHW,AL,-1.2,33,68,62,6,6,1,0,0,7,2,0,2,15,.097,.119,.113,.232,-34,.112,-57,7,1,0,1,3,0,6/H1,,amayaja01
416,Jac Caglianone*,22,KCR,AL,-0.2,17,68,64,3,13,3,0,2,4,0,0,3,13,.203,.250,.344,.594,65,.262,59,22,1,1,0,0,0,9/3D,,caglija01
417,Will Wagner*,26,TOR,AL,-0.3,20,68,59,4,11,2,0,0,2,1,0,8,15,.186,.284,.220,.504,44,.269,59,13,0,0,1,0,0,5/D3H,,wagnewi01
418,Connor Joe,32,2TM,NL,-0.5,29,66,58,2,12,4,0,0,4,2,2,6,17,.207,.273,.276,.549,50,.240,41,16,2,0,0,2,0,9H/73D8,,joeco01
419,Connor Joe,32,SDP,NL,-0.2,7,10,9,0,0,0,0,0,0,0,0,1,6,.000,.100,.000,.100,-69,.070,-81,0,0,0,0,0,0,/H378D,,joeco01
420,Connor Joe,32,CIN,NL,-0.3,22,56,49,2,12,4,0,0,4,2,2,5,11,.245,.304,.327,.630,70,.270,62,16,2,0,0,2,0,9/7H3D,,joeco01
421,Jarred Kelenic*,25,ATL,NL,-0.6,23,65,60,7,10,2,0,2,2,0,1,5,23,.167,.231,.300,.531,47,.231,40,18,1,0,0,0,0,9/H7,,kelenja01
422,Jorge Mateo,30,BAL,AL,-0.5,31,65,61,7,11,3,0,1,3,14,1,4,23,.180,.231,.279,.509,46,.273,41,17,1,0,0,0,0,6H/84D517,,mateojo01
423,Parker Meadows*,25,DET,AL,0.2,17,65,58,8,10,2,1,2,7,2,0,7,16,.172,.262,.345,.606,71,.277,67,20,0,0,0,0,0,8,,meadopa01
424,Riley Adams,29,WSN,NL,-0.6,22,64,62,6,6,1,0,3,8,0,0,1,28,.097,.125,.258,.383,6,.166,-6,16,3,1,0,0,0,2/H,,adamsri03
425,Daylen Lile*,22,WSN,NL,-0.4,18,64,57,6,10,4,1,1,3,1,2,4,14,.175,.238,.333,.571,61,.268,76,19,1,1,0,1,0,9/H,,lileda01
426,Cole Young*,21,SEA,AL,0.1,18,64,59,6,14,3,0,0,7,0,0,3,17,.237,.270,.288,.558,65,.246,58,17,1,0,1,1,0,4,,youngco01
427,Tim Elko,26,CHW,AL,-0.3,18,63,58,6,9,1,0,4,8,1,0,5,24,.155,.222,.379,.602,66,.278,69,22,1,0,0,0,0,3/D,,elkoti01
428,Nick Maton*,28,CHW,AL,-0.1,25,63,54,5,9,2,0,2,4,0,1,9,19,.167,.286,.315,.601,70,.267,69,17,0,0,0,0,0,D/H3479,,matonni01
429,Ezequiel Durán,26,TEX,AL,-0.4,26,62,56,4,8,4,0,0,2,0,0,2,19,.143,.210,.214,.424,24,.192,17,12,2,3,0,1,0,6/53D1H47,,duranez01
430,Oscar González,27,SDP,NL,-0.5,21,61,59,2,13,1,0,0,4,0,1,2,13,.220,.246,.237,.483,36,.210,25,14,1,0,0,0,0,7/9HD,,gonzaos01
431,Coby Mayo,23,BAL,AL,-0.5,18,61,56,4,11,4,0,0,4,1,0,5,16,.196,.262,.268,.530,54,.245,50,15,1,0,0,0,0,3/D5H,,mayoco01
432,Gary Sánchez,32,BAL,AL,-0.3,19,61,53,7,11,0,0,2,11,0,0,2,16,.208,.295,.321,.616,78,.279,78,17,2,5,0,1,0,2/D1H,,sanchga02
433,Garrett Hampson,30,2TM,NL,-0.1,27,60,48,10,8,1,0,0,0,2,1,10,16,.167,.310,.188,.498,42,.243,39,9,1,0,2,0,0,4/H7865D,,hampsga01
434,Garrett Hampson,30,ARI,NL,0.1,18,41,30,10,5,0,0,0,0,2,1,9,10,.167,.359,.167,.526,53,.269,60,5,0,0,2,0,0,4/H6857,,hampsga01
435,Garrett Hampson,30,CIN,NL,-0.2,9,19,18,0,3,1,0,0,0,0,0,1,6,.167,.211,.222,.433,17,.188,-4,4,1,0,0,0,0,/748H56D,,hampsga01
436,Will Wilson,26,CLE,AL,-0.3,24,59,51,2,9,3,0,0,1,1,0,5,23,.176,.263,.235,.498,42,.234,33,12,0,1,2,0,0,45/H1D,,wilsowi03
437,Sam Huff,27,SFG,NL,-0.2,20,58,53,5,11,1,0,2,4,0,0,4,25,.208,.259,.340,.598,71,.265,67,18,2,0,0,1,0,2,,huffsa01
438,Paul DeJong,31,WSN,NL,0.0,16,57,54,3,11,4,0,0,2,2,0,2,24,.204,.246,.278,.523,50,.245,45,15,1,1,0,0,0,5/6,,dejonpa01
439,Nick Loftin,26,KCR,AL,0.2,18,57,52,7,11,3,2,1,5,1,1,4,10,.212,.263,.404,.667,84,.278,74,21,2,0,0,1,0,7/45H,,loftini01
440,Rafael Marchán#,26,PHI,NL,0.2,20,57,49,5,8,2,0,1,5,0,0,7,10,.163,.281,.265,.546,52,.258,51,13,1,1,0,0,0,2,,marchra01
441,Endy Rodríguez#,25,PIT,NL,-0.6,18,57,52,5,9,4,0,0,2,0,1,5,14,.173,.246,.250,.496,38,.220,32,13,0,0,0,0,0,3/2H,,rodrien01
442,Ryan Ritter,24,COL,NL,0.1,15,56,51,7,11,1,2,0,6,0,0,2,21,.216,.255,.314,.568,52,.264,49,16,1,1,1,1,0,6,,rittery01
443,Ronny Simón#,25,MIA,NL,-0.9,19,56,47,6,11,2,0,0,5,0,0,7,7,.234,.327,.277,.604,69,.295,77,13,1,0,1,1,0,/47D6H,,simonro01
444,Dominic Smith*,30,SFG,NL,0.3,16,56,47,4,14,3,0,1,8,1,0,7,11,.298,.375,.426,.801,131,.352,127,20,1,0,0,2,0,3/H,,smithdo02
445,Otto Kemp,25,PHI,NL,0.1,14,55,50,8,13,3,0,0,6,1,2,1,15,.260,.327,.320,.647,79,.278,75,16,1,4,0,0,0,3/57,,kempot01
446,Jake Rogers,30,DET,AL,0.2,17,55,48,6,9,2,1,0,4,0,0,7,11,.188,.291,.271,.562,62,.274,71,13,0,0,0,0,0,2/1,,rogerja03
447,Ronny Mauricio#,24,NYM,NL,-0.2,15,54,50,5,9,1,0,2,3,2,0,3,18,.180,.241,.320,.561,60,.261,58,16,1,1,0,0,0,5/46DH,,mauriro01
448,Jace Jung*,24,DET,AL,-0.3,18,53,45,8,5,0,0,0,3,0,0,7,15,.111,.245,.111,.356,7,.189,9,5,2,1,0,0,0,5/H,,jungja01
449,Chas McCormick,30,HOU,AL,-0.2,36,53,43,6,11,2,0,0,2,1,3,5,14,.256,.347,.302,.649,86,.274,86,13,1,1,4,0,0,97/8HD,,mccorch01
450,Davis Schneider,26,TOR,AL,0.4,20,53,42,7,8,1,0,1,5,0,0,10,15,.190,.358,.286,.644,83,.321,100,12,1,1,0,0,0,7/4H,,schneda03
451,Nick Sogard#,27,BOS,AL,-0.2,14,53,49,8,12,3,0,0,2,0,0,2,9,.245,.302,.306,.608,71,.271,64,15,2,2,0,0,0,3/5H,,sogarni01
452,Jorbit Vivas*,24,NYY,AL,0.0,22,53,45,6,7,2,0,1,4,0,0,4,11,.156,.255,.267,.522,47,.242,42,12,0,2,0,0,0,4/5H,,vivasjo01
453,Sam Hilliard*,31,COL,NL,0.0,17,52,43,7,9,3,1,2,3,2,1,9,18,.209,.346,.465,.811,116,.353,114,20,1,0,0,0,0,/7H89D,,hillisa01
454,MJ Melendez*,26,KCR,AL,-0.4,16,52,47,4,4,1,0,1,1,0,0,3,20,.085,.173,.170,.343,-3,.165,-12,8,0,2,0,0,0,7/9HD,,melenmj01
455,Eric Haase,32,MIL,NL,0.1,22,51,47,6,11,2,0,2,7,0,0,3,21,.234,.280,.404,.684,91,.297,85,19,0,0,1,0,0,2/DH,,haaseer01
456,Dalton Rushing*,24,LAD,NL,0.4,16,51,45,8,11,2,0,1,9,0,0,6,24,.244,.333,.356,.689,96,.311,96,16,0,0,0,0,0,2/H3D,,rushida01
457,Thomas Saggese,23,STL,NL,0.0,16,51,48,4,15,4,0,1,7,0,0,2,12,.313,.333,.458,.792,119,.373,137,22,1,0,0,1,0,/645DH,,saggeth01
458,Bryan De La Cruz,28,ATL,NL,-0.3,16,50,47,1,9,1,0,0,0,1,0,3,18,.191,.240,.213,.453,28,.233,32,10,1,0,0,0,0,7/H9D,,delacbr01
459,Jack Suwinski*,26,PIT,NL,-0.2,18,50,42,4,5,1,0,0,1,4,0,8,20,.119,.260,.143,.403,16,.219,10,6,1,0,0,0,1,/789DH,,suwinja01
460,Roman Anthony*,21,BOS,AL,0.2,13,49,39,5,5,2,0,1,5,1,0,9,12,.128,.306,.256,.563,60,.276,65,10,0,1,0,0,0,9/DH7,,anthoro01
461,Nasim Nuñez#,24,WSN,NL,0.2,23,49,43,6,8,2,0,0,5,7,1,5,10,.186,.271,.233,.503,46,.262,44,10,1,0,1,0,0,6/4H8,,nunezna01
462,Travis Jankowski*,34,2TM,AL,-0.2,21,49,45,7,11,2,0,0,2,2,0,3,12,.244,.286,.289,.575,64,.262,54,13,0,0,0,1,0,9/H78,,jankotr01
463,Travis Jankowski*,34,CHW,AL,-0.2,7,15,14,1,3,0,0,0,0,0,0,1,3,.214,.267,.214,.481,38,.219,28,3,0,0,0,0,0,/9H8,,jankotr01
464,Travis Jankowski*,34,TBR,AL,0.0,14,34,31,6,8,2,0,0,2,2,0,2,9,.258,.294,.323,.617,76,.281,66,10,0,0,0,1,0,/97H,,jankotr01
465,Heriberto Hernández,25,MIA,NL,0.7,16,48,45,6,15,3,0,1,3,0,0,3,12,.333,.375,.467,.842,130,.387,143,21,0,0,0,0,0,/79DH,,hernahe01
466,Maverick Handley,27,BAL,AL,-0.8,16,47,41,2,3,0,0,0,3,0,0,2,18,.073,.133,.073,.207,-38,.104,-57,3,0,1,2,1,0,2/H,,handlma01
467,Jake McCarthy*,27,ARI,NL,-0.6,14,47,41,2,3,1,0,0,3,1,0,4,6,.073,.170,.098,.268,-23,.145,-30,4,0,1,0,1,0,/87HD,,mccarja02
468,Jhonny Pereda,29,ATH,AL,0.1,17,46,40,3,7,2,0,0,3,0,0,6,13,.175,.283,.225,.508,46,.259,57,9,0,0,0,0,0,2/1H,,peredjh01
469,Víctor Robles,28,SEA,AL,-0.3,10,46,44,3,12,3,0,0,3,3,0,0,7,.273,.283,.341,.624,83,.282,75,15,1,1,0,1,0,9,,roblevi01
470,Kyle Teel*,23,CHW,AL,0.5,13,45,35,3,8,2,0,0,1,1,1,8,15,.229,.378,.286,.663,92,.304,95,10,0,1,0,1,0,2/D7,,teelky01
471,Austin Barnes,35,LAD,NL,-0.3,13,44,42,4,9,3,0,0,2,0,0,1,14,.214,.233,.286,.518,46,.228,35,12,1,0,1,0,0,2/3DH,,barneau01
472,Ryan Kreidler,27,DET,AL,-0.2,17,44,38,5,4,0,0,0,0,2,0,4,19,.105,.190,.105,.296,-12,.163,-25,4,0,0,2,0,0,8,,kreidry01
473,Matthew Lugo,24,LAA,AL,-0.1,17,43,42,6,10,2,1,3,6,0,0,0,16,.238,.256,.548,.803,117,.336,113,23,2,1,0,0,0,8/H79,,lugoma01
474,Kevin Pillar,36,TEX,AL,-0.1,20,43,43,6,9,2,0,0,1,3,0,0,8,.209,.209,.256,.465,35,.215,21,11,0,0,0,0,0,/8H9D7,,pillake01
475,Alan Trejo,29,COL,NL,-0.5,13,43,40,3,7,2,0,0,1,0,0,1,7,.175,.190,.225,.415,11,.184,-10,9,3,0,1,1,0,6/1,,trejoal01
476,Jared Young*,29,NYM,NL,-0.2,16,43,40,4,6,1,0,3,4,0,0,2,15,.150,.209,.400,.609,71,.263,66,16,1,1,0,0,0,D/H17,,youngja02
477,Daz Cameron,28,MIL,NL,-0.5,21,42,41,7,8,1,0,1,3,1,0,1,13,.195,.214,.293,.507,42,.230,34,12,1,0,0,0,0,9H/7,,camerda01
478,Dominic Canzone*,27,SEA,AL,0.7,13,42,39,7,12,2,0,4,7,1,0,3,6,.308,.357,.667,1.024,193,.438,195,26,1,0,0,0,0,9/H,,canzodo01
479,Matt Gorski,27,PIT,NL,-0.3,15,42,41,2,8,0,1,2,4,0,1,1,16,.195,.214,.390,.605,63,.243,51,16,1,0,0,0,0,3/H87,,gorskma01
480,Willie MacIver,28,ATH,AL,0.1,13,42,41,3,10,3,0,1,3,2,0,1,9,.244,.262,.390,.652,80,.290,71,16,1,0,0,0,0,2/1,,macivwi01
481,Reese McGuire*,30,CHC,NL,0.3,12,42,39,7,10,1,0,4,6,0,0,2,9,.256,.293,.590,.882,147,.370,143,23,1,0,1,0,0,2,,mcguire01
482,Weston Wilson,30,PHI,NL,-0.3,20,42,36,3,7,0,0,1,4,0,0,6,13,.194,.310,.278,.587,64,.299,81,10,1,0,0,0,0,7/H13D,,wilsowe01
483,Luken Baker,28,STL,NL,-0.1,19,41,34,3,8,3,0,0,2,0,0,7,10,.235,.366,.324,.689,95,.319,98,11,3,0,0,0,0,DH/3,,bakerlu01
484,Kris Bryant,33,COL,NL,-0.5,11,41,39,2,6,2,0,0,1,0,0,2,13,.154,.195,.205,.400,8,.184,-8,8,1,0,0,0,0,D/H,,bryankr01
485,Oliver Dunn*,27,MIL,NL,-0.2,14,41,36,4,6,2,0,0,6,1,0,2,11,.167,.205,.222,.427,21,.197,5,8,0,0,2,1,0,5/3H,,dunnol01
486,Alejandro Osuna*,22,TEX,AL,-0.2,15,41,34,1,5,0,0,0,1,0,2,6,11,.147,.293,.147,.440,34,.204,43,5,0,1,0,0,0,7/D9H,,osunaal02
487,Yuli Gurriel,41,SDP,NL,-0.5,16,40,36,2,4,1,0,0,3,0,0,4,8,.111,.200,.139,.339,-3,.169,-10,5,0,0,0,0,0,D/H3,,gourryu01
488,Ryan Bliss,25,SEA,AL,-0.2,11,39,35,1,7,1,0,1,3,2,2,4,11,.200,.282,.314,.596,76,.255,76,11,2,0,0,0,0,4,,blissry01
489,Mickey Gasper#,29,MIN,AL,-0.1,17,39,34,5,6,1,0,0,3,0,0,4,9,.176,.282,.206,.488,40,.254,52,7,0,1,0,0,0,/DH3427,,gaspemi01
490,John Rave*,27,KCR,AL,-0.2,20,39,34,2,7,3,0,0,3,2,1,2,11,.206,.243,.294,.537,50,.230,33,10,1,0,2,1,0,9/H78,,ravejo01
491,Dustin Harris*,25,TEX,AL,0.3,16,38,35,4,7,2,0,1,1,1,1,3,11,.200,.263,.343,.606,75,.262,73,12,1,0,0,0,0,/78H9D,,harridu01
492,David Fry,29,CLE,AL,-0.2,15,37,33,3,5,1,0,1,3,1,0,3,16,.152,.243,.273,.516,45,.241,39,9,1,1,0,0,0,D/H,,fryda01
493,Tomás Nido,31,DET,AL,-0.1,10,37,35,4,12,0,0,0,2,0,0,0,10,.343,.361,.343,.704,102,.316,102,12,1,1,1,0,0,2/1,,nidoto01
494,Zac Veen*,23,COL,NL,-0.3,12,37,34,1,4,1,0,1,2,1,1,2,14,.118,.189,.235,.424,13,.183,-3,8,0,1,0,0,0,/79H,,veenza01
495,Stuart Fairchild,29,ATL,NL,0.1,22,36,33,7,6,1,1,0,2,2,1,3,9,.182,.250,.273,.523,46,.260,56,9,2,0,0,0,0,H9/D,,faircst01
496,José Miranda,27,MIN,AL,-0.3,12,36,36,2,6,0,0,1,5,0,0,0,13,.167,.167,.250,.417,14,.179,-4,9,0,0,0,0,0,5/H,,miranjo01
497,Christian Moore,22,LAA,AL,-0.1,11,36,32,3,5,0,1,1,3,0,0,2,12,.156,.200,.313,.513,41,.217,24,10,0,0,1,1,0,4/H,,moorech03
498,Brady House,22,WSN,NL,0.1,8,35,32,0,8,1,0,0,3,2,0,2,6,.250,.286,.281,.567,63,.271,60,9,1,0,0,1,0,/5,,housebr01
499,Pablo Reyes,31,NYY,AL,-0.5,24,34,31,4,6,1,0,0,2,1,0,2,10,.194,.242,.226,.468,33,.223,23,7,0,0,1,0,0,H/94517D,,reyespa01
500,Vidal Bruján#,27,CHC,NL,-0.2,25,32,31,5,5,2,0,0,2,2,1,1,8,.161,.188,.226,.413,19,.182,9,7,0,0,0,0,0,H/5D47896,,brujavi01
501,Jose Barrero,27,STL,NL,-0.1,22,31,29,4,4,1,0,1,3,0,0,1,9,.138,.194,.276,.469,30,.211,21,8,0,1,0,0,0,/H48695,,garcijo02
502,Korey Lee,26,CHW,AL,0.2,14,31,28,7,7,3,0,0,1,0,0,2,5,.250,.300,.357,.657,85,.347,123,10,0,0,1,0,0,2/HD,,leeko01
503,Jacob Melton*,24,HOU,AL,0.3,11,31,29,3,7,0,1,0,6,3,0,2,12,.241,.290,.310,.601,70,.287,61,9,1,0,0,0,0,/789H,,meltoja01
504,Andruw Monasterio,28,MIL,NL,0.0,19,31,26,4,5,2,0,0,2,0,0,5,7,.192,.323,.269,.592,70,.278,72,7,0,0,0,0,0,6/3H54,,monasan01
505,Johnathan Rodríguez,25,CLE,AL,-0.2,12,30,29,3,5,2,1,0,1,0,0,1,11,.172,.200,.310,.510,41,.249,50,9,1,0,0,0,0,/9H7D,,rodrijo10
506,Hayden Senger,28,NYM,NL,0.2,14,30,29,3,5,1,0,0,0,0,0,1,10,.172,.200,.207,.407,18,.182,9,6,0,0,0,0,0,2/H,,sengeha01
507,Aaron Schunk,27,COL,NL,-0.3,11,29,28,1,6,1,0,0,0,0,0,0,8,.214,.214,.250,.464,24,.206,5,7,1,0,1,0,0,/65H4D,,schunaa01
508,Ildemaro Vargas#,33,ARI,NL,0.0,9,28,28,5,8,2,0,1,4,0,0,0,7,.286,.286,.464,.750,105,.324,101,13,0,0,0,0,0,/45H6D,,vargail01
509,Nicky Lopez*,30,2TM,2LG,-0.5,18,28,24,2,1,0,0,0,1,0,0,4,4,.042,.179,.042,.220,-32,.128,-32,1,1,0,0,0,0,5/6H147D,,lopezni01
510,Nicky Lopez*,30,LAA,AL,-0.2,4,6,6,0,0,0,0,0,0,0,0,0,1,.000,.000,.000,.000,-100,.000,-133,0,0,0,0,0,0,/5167,,lopezni01
511,Nicky Lopez*,30,CHC,NL,-0.3,14,22,18,2,1,0,0,0,1,0,0,4,3,.056,.227,.056,.283,-12,.164,-5,1,1,0,0,0,0,5/H64D,,lopezni01
512,James Outman*,28,LAD,NL,0.0,9,27,24,5,3,0,0,2,4,0,0,3,13,.125,.222,.375,.597,65,.262,61,9,0,0,0,0,0,/89H,,outmaja01
513,Braxton Fulford,26,COL,NL,-0.1,9,26,24,4,6,0,1,1,8,0,0,1,11,.250,.269,.458,.728,91,.306,80,11,0,0,0,1,0,/2H,,fulfobr01
514,Luke Keaschall,22,MIN,AL,0.4,7,26,19,4,7,3,0,0,2,5,0,5,2,.368,.538,.526,1.065,199,.518,211,10,0,2,0,0,0,/D4,,keasclu01
515,Jonny DeLuca,26,TBR,AL,0.4,9,25,23,4,10,0,1,0,1,4,0,2,4,.435,.480,.522,1.002,186,.465,183,12,0,0,0,0,0,/8DH,,delucjo01
516,Jahmai Jones,27,DET,AL,0.5,13,25,22,4,9,3,0,2,3,0,0,3,5,.409,.480,.818,1.298,261,.536,263,18,1,0,0,0,0,/HD94,,jonesja08
517,Andrew Knizner,30,SFG,NL,-0.2,9,25,24,3,2,0,0,1,1,0,0,1,4,.083,.120,.208,.328,-8,.219,34,5,0,0,0,0,0,/2,,kniznan01
518,Ryan Noda*,29,CHW,AL,-0.2,9,25,19,1,2,0,0,1,1,0,0,6,12,.105,.320,.263,.583,68,.266,62,5,0,0,0,0,1,/3D,,nodary01
519,Giancarlo Stanton,35,NYY,AL,0.0,7,25,23,0,7,1,0,0,1,0,0,2,9,.304,.360,.348,.708,101,.320,102,8,1,0,0,0,0,/DH,,stantmi03
520,Michael Stefanic,29,TOR,AL,0.0,9,25,22,1,4,0,0,0,0,0,0,3,3,.182,.280,.182,.462,33,.222,28,4,0,0,0,0,0,/4H16,,stefami01
521,David Villar,28,SFG,NL,0.0,9,25,20,4,4,1,0,0,1,0,0,4,5,.200,.360,.250,.610,81,.296,89,5,1,1,0,0,0,/3H5D,,villada01
522,Luis Campusano,26,SDP,NL,-0.3,9,24,18,0,0,0,0,0,0,0,0,6,9,.000,.250,.000,.250,-22,.174,-6,0,1,0,0,0,0,/DH,,campulu01
523,Logan Davidson#,27,ATH,AL,-0.3,9,24,20,1,3,1,0,0,2,0,0,3,12,.150,.261,.200,.461,32,.218,24,4,1,0,1,0,0,/35H4,,davidlo01
524,Jose Siri,29,NYM,NL,-0.2,10,24,20,5,1,1,0,0,1,2,0,4,8,.050,.208,.100,.308,-7,.189,-1,2,0,0,0,0,0,/8H,,sirijo01
525,Daniel Johnson*,29,SFG,NL,0.3,10,23,21,4,4,1,0,1,1,1,0,2,7,.190,.261,.381,.642,82,.294,80,8,0,0,0,0,0,/H879,,johnsda07
526,Jerar Encarnación,27,SFG,NL,-0.2,8,22,22,1,3,1,0,0,0,1,0,0,6,.136,.136,.182,.318,-9,.146,-26,4,2,0,0,0,0,/9H37,,encarje01
527,Scott Kingery,31,LAA,AL,-0.4,10,22,21,2,3,1,0,0,0,1,0,1,8,.143,.182,.190,.372,5,.177,-12,4,1,0,0,0,0,/4H89,,kingesc01
528,Jordan Lawlar,22,ARI,NL,-0.4,8,22,19,1,0,0,0,0,0,0,0,3,9,.000,.136,.000,.136,-57,.095,-63,0,0,0,0,0,0,/4H56D,,lawlajo01
529,Bobby Dalbec,30,CHW,AL,0.0,7,21,18,2,4,1,0,0,1,0,0,3,6,.222,.333,.278,.611,76,.281,74,5,1,0,0,0,0,/36H5,,dalbebo01
530,Keston Hiura,28,COL,NL,0.0,8,21,18,3,4,1,0,0,1,0,0,0,7,.222,.333,.278,.611,67,.293,71,5,0,3,0,0,0,/3,,hiurake01
531,José Azócar,29,2TM,NL,0.0,14,21,19,5,5,0,0,0,1,1,0,2,1,.263,.333,.263,.596,75,.289,76,5,0,0,0,0,0,/H978D,,azocajo01
532,José Azócar,29,NYM,NL,0.0,12,20,18,5,5,0,0,0,1,1,0,2,1,.278,.350,.278,.628,85,.303,86,5,0,0,0,0,0,/H789,,azocajo01
533,José Azócar,29,ATL,NL,0.0,2,1,1,0,0,0,0,0,0,0,0,0,0,.000,.000,.000,.000,-100,.000,-136,0,0,0,0,0,0,/H9D,,azocajo01
534,Rece Hinds,24,CIN,NL,0.1,7,20,19,2,3,1,0,2,3,0,0,1,10,.158,.200,.526,.726,87,.302,78,10,0,0,0,0,0,/9,,hindsre01
535,Manuel Margot,30,DET,AL,-0.1,6,20,19,1,6,0,0,0,3,0,0,0,6,.316,.300,.316,.616,76,.264,63,6,0,0,0,1,0,/9H,,margoma01
536,Cooper Hummel#,30,2TM,AL,-0.1,9,20,15,2,2,0,0,1,2,0,0,3,9,.133,.316,.333,.649,84,.302,90,5,0,1,1,0,0,/7H9D,,hummeco01
537,Cooper Hummel#,30,BAL,AL,0.0,1,1,1,0,0,0,0,0,0,0,0,0,1,.000,.000,.000,.000,-100,.000,-127,0,0,0,0,0,0,/9,,hummeco01
538,Cooper Hummel#,30,HOU,AL,-0.1,8,19,14,2,2,0,0,1,2,0,0,3,8,.143,.333,.357,.690,95,.318,102,5,0,1,1,0,0,/7HD,,hummeco01
539,Michael Siani*,25,STL,NL,-0.1,19,19,17,4,4,0,0,0,0,0,0,2,7,.235,.316,.235,.551,58,.264,59,4,0,0,0,0,0,8/H,,sianimi01
540,Akil Baddoo*,26,DET,AL,0.3,7,18,17,0,2,1,0,0,1,1,0,1,5,.118,.167,.176,.343,-2,.171,-14,3,0,0,0,0,0,/798H,,baddoak01
541,Moisés Ballesteros*,21,CHC,NL,-0.1,5,18,16,3,3,0,0,0,3,0,0,2,1,.188,.278,.188,.465,38,.223,37,3,1,0,0,0,0,/D,,ballemo01
542,Blake Sabol*,27,BOS,AL,-0.1,8,18,16,2,2,1,0,0,1,0,0,1,7,.125,.167,.188,.354,-1,.158,-18,3,1,0,0,1,0,/2DH,,sabolbl01
543,Drew Avans*,29,2TM,2LG,-0.3,8,18,17,1,2,0,0,0,1,1,0,0,6,.118,.111,.118,.229,-35,.113,-59,2,0,0,0,1,0,/789H,,avansdr01
544,Drew Avans*,29,ATH,AL,-0.2,7,15,15,1,2,0,0,0,0,1,0,0,5,.133,.133,.133,.267,-25,.136,-45,2,0,0,0,0,0,/789H,,avansdr01
545,Drew Avans*,29,MIL,NL,-0.1,1,3,2,0,0,0,0,0,1,0,0,0,1,.000,.000,.000,.000,-100,.000,-126,0,0,0,0,1,0,/7,,avansdr01
546,CJ Alexander*,28,ATH,AL,-0.2,6,17,17,0,3,0,0,0,0,0,0,0,8,.176,.176,.176,.353,0,.158,-16,3,0,0,0,0,0,/35H79,,alexacj01
547,Gustavo Campero#,27,LAA,AL,0.0,7,17,15,1,3,0,0,0,0,1,0,2,2,.200,.294,.200,.494,43,.248,39,3,0,0,0,0,0,/97H,,campegu01
548,Luis Guillorme*,30,HOU,AL,-0.1,8,17,16,1,2,0,0,0,0,0,0,1,7,.125,.176,.125,.301,-13,.146,-24,2,2,0,0,0,0,/54H,,guilllu01
549,Owen Miller,28,COL,NL,0.0,9,17,14,0,2,0,0,0,1,1,0,2,4,.143,.294,.143,.437,23,.246,27,2,0,1,0,0,0,/4H5D,,milleow01
550,Gage Workman*,25,2TM,2LG,-0.3,12,17,16,0,3,1,0,0,2,1,0,1,7,.188,.235,.250,.485,40,.230,32,4,0,0,0,0,0,/56HD,,workmga01
551,Gage Workman*,25,CHC,NL,-0.2,9,15,14,0,3,1,0,0,2,1,0,1,6,.214,.267,.286,.552,60,.261,53,4,0,0,0,0,0,/56DH,,workmga01
552,Gage Workman*,25,CHW,AL,-0.1,3,2,2,0,0,0,0,0,0,0,0,0,1,.000,.000,.000,.000,-100,.000,-132,0,0,0,0,0,0,/56H,,workmga01
553,Jorge Barrosa#,24,ARI,NL,-0.1,5,16,15,1,3,2,0,0,4,0,0,0,5,.200,.188,.333,.521,41,.214,22,5,0,0,0,1,0,/87DH,,barrojo01
554,Tirso Ornelas*,25,SDP,NL,-0.3,7,16,14,0,1,0,0,0,1,0,0,2,2,.071,.188,.071,.259,-24,.144,-28,1,1,0,0,0,0,/7H8D,,ornelti01
555,Jurickson Profar#,32,ATL,NL,-0.3,4,16,15,2,3,0,0,0,0,0,0,1,3,.200,.250,.200,.450,28,.213,22,3,0,0,0,0,0,/7,,profaju01
556,Tucker Barnhart*,34,TEX,AL,0.0,8,15,13,0,3,0,0,0,0,0,0,1,4,.231,.333,.231,.564,69,.273,76,3,2,1,0,0,0,/21,,barnhtu01
557,Jacob Hurtubise*,27,CIN,NL,-0.1,12,15,12,3,1,0,0,0,0,0,0,1,6,.083,.267,.083,.350,1,.204,8,1,0,2,0,0,0,/H79,,hurtuja01
558,Ryan Vilade,26,STL,NL,-0.1,7,15,13,1,1,0,0,0,0,0,0,2,5,.077,.200,.077,.277,-18,.153,-21,1,1,0,0,0,0,/9H7D,,viladry01
559,Luke Williams,28,ATL,NL,-0.3,17,15,14,3,2,1,0,0,2,3,0,0,3,.143,.200,.214,.414,16,.242,8,3,1,1,0,0,0,6H/D1,,willilu01
560,Chadwick Tromp,30,2TM,2LG,-0.1,5,14,13,1,1,1,0,0,0,0,0,1,6,.077,.143,.154,.297,-15,.139,-28,2,1,0,0,0,0,/2,,trompch01
561,Chadwick Tromp,30,ATL,NL,0.0,2,6,5,0,0,0,0,0,0,0,0,1,2,.000,.167,.000,.167,-48,.116,-49,0,1,0,0,0,0,/2,,trompch01
562,Chadwick Tromp,30,BAL,AL,-0.1,3,8,8,1,1,1,0,0,0,0,0,0,4,.125,.125,.250,.375,5,.156,-13,2,0,0,0,0,0,/2,,trompch01
563,Will Brennan*,27,CLE,AL,-0.2,6,13,11,0,1,0,0,0,0,0,1,1,1,.091,.231,.091,.322,-4,.132,-8,1,1,1,0,0,0,/98H,,brennwi02
564,Blaine Crim,28,TEX,AL,-0.3,5,13,11,1,0,0,0,0,0,0,0,1,6,.000,.154,.000,.154,-50,.108,-44,0,0,1,0,0,0,/3DH,,crimbl01
565,Ji Hwan Bae*,25,PIT,NL,-0.2,7,12,11,3,1,0,0,0,0,2,0,1,5,.091,.167,.091,.258,-26,.167,-41,1,0,0,0,0,0,/8H7D,,baeji01
566,Andrés Chaparro,26,WSN,NL,-0.1,4,12,11,0,1,1,0,0,0,0,0,1,3,.091,.167,.182,.348,0,.163,-8,2,0,0,0,0,0,/D3H,,chapaan01
567,Will Robertson*,27,TOR,AL,-0.2,3,12,10,0,1,0,0,0,1,0,0,1,7,.100,.250,.100,.350,3,.192,6,1,1,1,0,0,0,/789,,roberwi02
568,Brett Wisely*,26,SFG,NL,-0.2,6,12,10,1,0,0,0,0,2,0,1,0,3,.000,.000,.000,.000,-100,-0.050,-165,0,0,0,2,0,0,/4HD,,wiselbr01
569,Ali Sánchez,28,TOR,AL,-0.2,5,11,11,0,2,1,0,0,0,0,0,0,3,.182,.182,.273,.455,25,.186,2,3,1,0,0,0,0,/23H,,sanchal04
570,Nick Solak,30,PIT,NL,-0.5,4,11,11,0,1,0,0,0,0,0,0,0,2,.091,.091,.091,.182,-49,.073,-79,1,0,0,0,0,0,/347H,,solakni01
571,Matt Vierling,28,DET,AL,-0.1,4,11,11,0,2,0,0,0,2,0,0,0,1,.182,.182,.182,.364,4,.163,-11,2,0,0,0,0,0,/87H,,vierlma01
572,Nick Ahmed,35,TEX,AL,0.1,5,10,9,1,0,0,0,0,0,1,0,1,3,.000,.100,.000,.100,-67,.184,-8,0,1,0,0,0,0,/6,,ahmedni01
573,Bryce Johnson#,29,SDP,NL,0.2,5,10,9,1,4,1,0,0,0,1,0,0,2,.444,.500,.556,1.056,194,.495,206,5,0,1,0,0,0,/87,,johnsbr03
574,Luke Maile,34,KCR,AL,0.2,3,10,8,2,3,0,0,1,1,0,0,2,1,.375,.500,.750,1.250,245,.522,250,6,0,0,0,0,0,/2,,mailelu01
575,Víctor Mesa Jr.*,23,MIA,NL,0.0,4,10,7,1,1,0,0,0,1,0,0,2,1,.143,.333,.143,.476,38,.256,43,1,0,0,1,0,0,/8,,mesavi01
576,Coco Montes,28,TBR,AL,0.1,5,10,10,0,2,0,0,0,1,0,0,0,3,.200,.200,.200,.400,15,.179,1,2,0,0,0,0,0,/457,,monteco01
577,Omar Narváez*,33,CHW,AL,0.0,4,10,7,1,2,0,0,0,3,0,0,2,1,.286,.400,.286,.686,99,.307,93,2,0,0,0,1,0,/2,,narvaom01
578,Liover Peguero,24,PIT,NL,0.0,4,10,9,0,2,0,0,0,0,0,0,0,3,.222,.300,.222,.522,48,.254,50,2,0,1,0,0,0,/46,,pegueli01
579,Rhylan Thomas*,25,SEA,AL,0.0,3,10,8,2,1,1,0,0,2,0,0,1,0,.125,.200,.250,.450,32,.284,87,2,0,0,0,1,0,/97,,thomarh01
580,Trenton Brooks*,29,SDP,NL,0.0,7,9,9,2,2,1,0,1,2,0,0,0,7,.222,.222,.667,.889,135,.367,131,6,0,0,0,0,0,/HD7,,brooktr01
581,J.D. Davis,32,LAA,AL,-0.3,5,9,9,0,1,0,0,0,0,0,0,0,3,.111,.111,.111,.222,-37,.100,-61,1,0,0,0,0,0,/3H5,,davisjd01
582,Logan Porter,29,SFG,NL,0.0,4,9,7,2,1,0,0,0,1,0,0,1,2,.143,.333,.143,.476,44,.259,63,1,0,1,0,0,0,/21,,portelo01
583,Brett Sullivan*,31,PIT,NL,0.0,3,9,6,1,1,0,0,0,2,0,0,1,3,.167,.333,.167,.500,45,.259,54,1,0,1,0,1,0,/2,,sullibr01
584,Samad Taylor,26,SEA,AL,-0.1,4,9,8,1,1,0,0,0,0,0,0,0,1,.125,.125,.125,.250,-26,.100,-67,1,0,0,1,0,0,/98H,,taylosa04
585,Shay Whitcomb,26,HOU,AL,-0.2,7,9,9,0,0,0,0,0,0,0,0,0,5,.000,.000,.000,.000,-100,.000,-132,0,0,0,0,0,0,/4H57D,,whitcsh01
586,Jack Winkler,26,MIA,NL,-0.4,6,9,9,0,1,0,0,0,0,0,0,0,4,.111,.111,.111,.222,-38,.100,-62,1,0,0,0,0,0,/346H,,winklja01
587,Dairon Blanco,32,KCR,AL,0.0,9,8,6,2,1,1,0,0,1,3,2,0,2,.167,.167,.333,.500,36,.319,145,2,0,0,2,0,0,/H78,,blancda02
588,Cal Stevenson*,28,PHI,NL,-0.2,5,8,8,0,2,0,0,0,1,0,0,0,2,.250,.250,.250,.500,38,.214,20,2,0,0,0,0,0,/8H,,steveca01
589,Tyler Tolbert,27,KCR,AL,0.1,16,8,8,3,1,0,0,0,0,8,0,0,3,.125,.125,.125,.250,-29,.361,-45,1,0,0,0,0,0,H/7849D5,,tolbety01
590,Eddie Rosario*,33,2TM,NL,0.0,5,8,8,1,1,0,0,0,0,0,0,0,2,.125,.125,.125,.250,-29,.113,-49,1,0,0,0,0,0,/DH9,,rosared01
591,Eddie Rosario*,33,LAD,NL,0.0,2,4,4,0,1,0,0,0,0,0,0,0,0,.250,.250,.250,.500,43,.226,36,1,0,0,0,0,0,/D,,rosared01
592,Eddie Rosario*,33,ATL,NL,0.0,3,4,4,1,0,0,0,0,0,0,0,0,2,.000,.000,.000,.000,-100,.000,-133,0,0,0,0,0,0,/H9,,rosared01
593,Rob Brantly*,35,MIA,NL,0.0,3,7,7,0,3,0,0,0,1,0,0,0,1,.429,.429,.429,.857,137,.374,134,3,0,0,0,0,0,/2,,brantro01
594,Tsung-Che Cheng*,23,PIT,NL,0.0,3,7,7,0,0,0,0,0,0,0,1,0,3,.000,.000,.000,.000,-100,.058,-38,0,0,0,0,0,0,/64,,chengts01
595,Dom Nuñez*,30,CLE,AL,0.0,2,7,7,2,2,0,0,0,0,0,0,0,4,.286,.286,.286,.571,62,.228,34,2,0,0,0,0,0,/2,,nunezdo01
596,Luis Vázquez,25,BAL,AL,-0.2,3,7,7,0,0,0,0,0,0,0,0,0,2,.000,.000,.000,.000,-100,.000,-127,0,0,0,0,0,0,/61DH,,vazqulu01
597,Tyler Callihan*,25,CIN,NL,-0.2,4,6,6,0,1,0,0,0,1,0,0,0,1,.167,.167,.167,.333,-10,.151,-31,1,0,0,0,0,0,/74,,callity01
598,Billy Cook,26,PIT,NL,0.0,3,6,6,1,2,0,0,0,0,0,0,0,1,.333,.333,.333,.667,86,.301,84,2,0,0,0,0,0,/9H38,,cookbi01
599,Carson McCusker,27,MIN,AL,-0.2,5,6,6,0,1,0,0,0,0,0,0,0,4,.167,.167,.167,.333,-6,.149,-26,1,0,0,0,0,0,/9H,,mccusca01
600,Jonathan Ornelas,25,TEX,AL,0.0,4,6,5,0,0,0,0,0,0,0,0,1,3,.000,.167,.000,.167,-45,.115,-41,0,0,0,0,0,0,/64,,orneljo01
601,César Salazar*,29,HOU,AL,-0.1,6,6,6,0,1,0,0,0,0,0,0,0,1,.167,.167,.167,.333,-5,.149,-23,1,0,0,0,0,0,/H2D1,,salazce01
602,Mason McCoy,30,SDP,NL,-0.2,4,5,5,0,0,0,0,0,0,0,0,0,3,.000,.000,.000,.000,-100,.000,-130,0,0,0,0,0,0,/H4D,,mccoyma01
603,Nate Eaton,28,BOS,AL,0.1,3,4,4,1,3,0,0,0,0,1,0,0,1,.750,.750,.750,1.500,323,.710,343,3,0,0,0,0,0,/75H,,eatonna01
604,Aramis Garcia,32,ARI,NL,-0.1,2,4,4,0,0,0,0,0,0,0,0,0,3,.000,.000,.000,.000,-100,.000,-133,0,0,0,0,0,0,/2,,garciar01
605,Brewer Hicklen,29,DET,AL,0.1,1,4,3,2,2,0,0,0,0,1,0,1,1,.667,.750,.667,1.417,309,.658,309,2,0,0,0,0,0,/8,,hicklbr01
606,Trey Lipscomb,25,WSN,NL,0.1,3,4,4,1,2,0,0,0,0,0,0,0,1,.500,.500,.500,1.000,188,.428,182,2,0,0,0,0,0,/356H,,lipsctr01
607,Richie Palacios*,28,TBR,AL,0.2,1,4,4,1,3,1,0,0,0,1,0,0,0,.750,.750,1.000,1.750,393,.823,430,4,0,0,0,0,0,/79,,palacri01
608,Hunter Feduccia*,28,LAD,NL,0.0,2,3,2,0,0,0,0,0,0,0,0,1,1,.000,.333,.000,.333,6,.233,38,0,0,0,0,0,0,/H3,,feduchu01
609,Ryan Fitzgerald*,31,MIN,AL,-0.1,2,3,3,1,0,0,0,0,0,0,0,0,0,.000,.000,.000,.000,-100,.000,-136,0,0,0,0,0,0,/4H,,fitzgry01
610,Justin Foscue,26,TEX,AL,-0.1,1,3,3,0,0,0,0,0,0,0,0,0,0,.000,.000,.000,.000,-100,.000,-124,0,0,0,0,0,0,/3,,foscuju01
611,Buddy Kennedy,26,PHI,NL,0.0,2,3,2,0,0,0,0,0,0,0,0,1,2,.000,.333,.000,.333,3,.233,32,0,0,0,0,0,0,/3DH,,kennebu01
612,Greg Jones#,27,CHW,AL,0.0,3,2,2,0,0,0,0,0,0,1,0,0,2,.000,.000,.000,.000,-100,.124,-127,0,0,0,0,0,0,/H9,,jonesgr02
613,Jordyn Adams,25,BAL,AL,0.0,5,1,1,1,0,0,0,0,0,0,0,0,0,.000,.000,.000,.000,-100,.000,-127,0,0,0,0,0,0,/8H,,adamsjo03
614,Tyler Alexander,30,CHW,AL,0.0,1,1,1,0,0,0,0,0,0,0,0,0,0,.000,.000,.000,.000,-100,.000,-136,0,0,0,0,0,0,/1,,alexaty01
615,Niko Kavadas*,26,LAA,AL,0.0,1,1,1,0,0,0,0,0,0,0,0,0,0,.000,.000,.000,.000,-100,.000,-136,0,0,0,0,0,0,/3H,,kavadni01
616,Ryne Nelson,27,ARI,NL,0.1,1,1,1,1,1,0,0,0,1,0,0,0,0,1.000,1.000,1.000,2.000,460,.904,527,1,0,0,0,0,0,1/H,,nelsory01
617,Colin Rea,34,CHC,NL,0.0,1,1,1,0,0,0,0,0,0,0,0,0,1,.000,.000,.000,.000,-100,.000,-127,0,0,0,0,0,0,1,,reaco01
618,Zach Agnos,24,COL,NL,0.0,1,0,0,0,0,0,0,0,0,0,0,0,0,,,,,,,,0,0,0,0,0,0,1,,agnosza01
619,Anthony Banda*,31,LAD,NL,0.0,1,0,0,0,0,0,0,0,0,0,0,0,0,,,,,,,,0,0,0,0,0,0,1,,bandaan01
620,Jake Bird,29,COL,NL,0.0,1,0,0,0,0,0,0,0,0,0,0,0,0,,,,,,,,0,0,0,0,0,0,1,,birdja01
621,Hayden Birdsong,23,SFG,NL,0.0,1,0,0,0,0,0,0,0,0,0,0,0,0,,,,,,,,0,0,0,0,0,0,1,,birdsha01
622,Matt Bowman,34,BAL,AL,0.0,1,0,0,0,0,0,0,0,0,0,0,0,0,,,,,,,,0,0,0,0,0,0,1,,bowmama01
623,John Brebbia*,35,DET,AL,0.0,1,0,0,0,0,0,0,0,0,0,0,0,0,,,,,,,,0,0,0,0,0,0,1,,brebbjo01
624,Yennier Cano,31,BAL,AL,0.0,1,0,0,0,0,0,0,0,0,0,0,0,0,,,,,,,,0,0,0,0,0,0,1,,canoye01
625,Angel Chivilli,22,COL,NL,0.0,1,0,0,0,0,0,0,0,0,0,0,0,0,,,,,,,,0,0,0,0,0,0,1,,chivian01
626,Emmanuel Clase,27,CLE,AL,0.0,1,0,0,0,0,0,0,0,0,0,0,0,0,,,,,,,,0,0,0,0,0,0,1,,claseem01
627,Yerry De los Santos,27,NYY,AL,0.0,1,0,0,0,0,0,0,0,0,0,0,0,0,,,,,,,,0,0,0,0,0,0,1,,delosye01
628,Seranthony Domínguez,30,BAL,AL,0.0,1,0,0,0,0,0,0,0,0,0,0,0,0,,,,,,,,0,0,0,0,0,0,1,,dominse01
629,Jhoan Durán,27,MIN,AL,0.0,3,0,0,0,0,0,0,0,0,0,0,0,0,,,,,,,,0,0,0,0,0,0,1,,duranjh01
630,Lucas Erceg*,30,KCR,AL,0.0,1,0,0,0,0,0,0,0,0,0,0,0,0,,,,,,,,0,0,0,0,0,0,1,,erceglu01
631,Carlos Estévez,32,KCR,AL,0.0,2,0,0,0,0,0,0,0,0,0,0,0,0,,,,,,,,0,0,0,0,0,0,1,,estevca01
632,Yimi García,34,TOR,AL,0.0,1,0,0,0,0,0,0,0,0,0,0,0,0,,,,,,,,0,0,0,0,0,0,1,,garciyi01
633,Josh Hader*,31,HOU,AL,0.0,1,0,0,0,0,0,0,0,0,0,0,0,0,,,,,,,,0,0,0,0,0,0,1,,haderjo01
634,Seth Halvorsen,25,COL,NL,0.0,1,0,0,0,0,0,0,0,0,0,0,0,0,,,,,,,,0,0,0,0,0,0,1,,halvose01
635,Ryan Helsley,30,STL,NL,0.0,1,0,0,0,0,0,0,0,0,0,0,0,0,,,,,,,,0,0,0,0,0,0,1,,helslry01
636,Jeff Hoffman,32,TOR,AL,0.0,2,0,0,0,0,0,0,0,0,0,0,0,0,,,,,,,,0,0,0,0,0,0,1,,hoffmje02
637,Drey Jameson,27,ARI,NL,0.0,1,0,0,0,0,0,0,0,0,0,0,0,0,,,,,,,,0,0,0,0,0,0,/1,,jamesdr01
638,Kenley Jansen#,37,LAA,AL,0.0,1,0,0,0,0,0,0,0,0,0,0,0,0,,,,,,,,0,0,0,0,0,0,1,,janseke01
639,Griffin Jax,30,MIN,AL,0.0,1,0,0,0,0,0,0,0,0,0,0,0,0,,,,,,,,0,0,0,0,0,0,1,,jaxgr01
640,Tommy Kahnle,35,DET,AL,0.0,1,0,0,0,0,0,0,0,0,0,0,0,0,,,,,,,,0,0,0,0,0,0,1,,kahnlto01
641,Jordan Leasure,26,CHW,AL,0.0,1,0,0,0,0,0,0,0,0,0,0,0,0,,,,,,,,0,0,0,0,0,0,1,,leasujo01
642,Casey Legumina,28,SEA,AL,0.0,1,0,0,0,0,0,0,0,0,0,0,0,0,,,,,,,,0,0,0,0,0,0,1,,legumca01
643,Joe Mantiply,34,ARI,NL,0.0,1,0,0,0,0,0,0,0,0,0,0,0,0,,,,,,,,0,0,0,0,0,0,1,,mantijo01
644,Justin Martínez,23,ARI,NL,0.0,2,0,0,0,0,0,0,0,0,0,0,0,0,,,,,,,,0,0,0,0,0,0,1,,martiju01
645,Phil Maton,32,STL,NL,0.0,1,0,0,0,0,0,0,0,0,0,0,0,0,,,,,,,,0,0,0,0,0,0,1,,matonph01
646,Tyler Matzek*,34,NYY,AL,0.0,2,0,0,0,0,0,0,0,0,0,0,0,0,,,,,,,,0,0,0,0,0,0,/1,,matzety01
647,Juan Mejia,24,COL,NL,0.0,2,0,0,0,0,0,0,0,0,0,0,0,0,,,,,,,,0,0,0,0,0,0,1,,mejiaju01
648,Shelby Miller,34,ARI,NL,0.0,1,0,0,0,0,0,0,0,0,0,0,0,0,,,,,,,,0,0,0,0,0,0,1,,millesh01
649,Hoby Milner*,34,TEX,AL,0.0,1,0,0,0,0,0,0,0,0,0,0,0,0,,,,,,,,0,0,0,0,0,0,1,,milneho01
650,Tyler Owens,24,DET,AL,0.0,1,0,0,0,0,0,0,0,0,0,0,0,0,,,,,,,,0,0,0,0,0,0,/1,,owensty01
651,Andre Pallante,26,STL,NL,0.0,1,0,0,0,0,0,0,0,0,0,0,0,0,,,,,,,,0,0,0,0,0,0,1,,pallaan01
652,Cionel Pérez,29,BAL,AL,0.0,1,0,0,0,0,0,0,0,0,0,0,0,0,,,,,,,,0,0,0,0,0,0,1,,perezci01
653,A.J. Puk*,30,ARI,NL,0.0,2,0,0,0,0,0,0,0,0,0,0,0,0,,,,,,,,0,0,0,0,0,0,/1,,pukaj01
654,Trevor Richards,32,KCR,AL,0.0,1,0,0,0,0,0,0,0,0,0,0,0,0,,,,,,,,0,0,0,0,0,0,/1,,richatr01
655,Tyler Rogers,34,SFG,NL,0.0,1,0,0,0,0,0,0,0,0,0,0,0,0,,,,,,,,0,0,0,0,0,0,1,,rogerty01
656,Nick Sandlin,28,TOR,AL,0.0,1,0,0,0,0,0,0,0,0,0,0,0,0,,,,,,,,0,0,0,0,0,0,1,,sandlni01
657,John Schreiber,31,KCR,AL,0.0,1,0,0,0,0,0,0,0,0,0,0,0,0,,,,,,,,0,0,0,0,0,0,1,,schrejo01
658,Tanner Scott,30,LAD,NL,0.0,1,0,0,0,0,0,0,0,0,0,0,0,0,,,,,,,,0,0,0,0,0,0,1,,scottta01
659,Connor Seabold,29,TBR,AL,0.0,1,0,0,0,0,0,0,0,0,0,0,0,0,,,,,,,,0,0,0,0,0,0,/1,,seaboco01
660,Ryan Thompson,33,ARI,NL,0.0,1,0,0,0,0,0,0,0,0,0,0,0,0,,,,,,,,0,0,0,0,0,0,1,,thompry02
661,Ryan Walker,29,SFG,NL,0.0,1,0,0,0,0,0,0,0,0,0,0,0,0,,,,,,,,0,0,0,0,0,0,1,,walkery01
662,Bryse Wilson,27,CHW,AL,0.0,1,0,0,0,0,0,0,0,0,0,0,0,0,,,,,,,,0,0,0,0,0,0,1,,wilsobr02